<?xml version="1.0" encoding="utf-8"?>
<COLLADA xmlns="http://www.collada.org/2005/11/COLLADASchema" version="1.4.1" xmlns:xsi="http://www.w3.org/2001/XMLSchema-instance">
  <asset>
    <contributor>
      <author>Blender User</author>
      <authoring_tool>Blender 2.79.0 commit date:2018-03-22, commit time:14:10, hash:f4dc9f9d68b</authoring_tool>
    </contributor>
    <created>2018-09-30T23:02:02</created>
    <modified>2018-09-30T23:02:02</modified>
    <unit name="meter" meter="1"/>
    <up_axis>Z_UP</up_axis>
  </asset>
  <library_images>
    <image id="Low-Poly_Plastic_cup_color" name="Low-Poly_Plastic_cup_color">
      <init_from>Low-Poly_Plastic_cup_color.png</init_from>
    </image>
    <image id="Low-Poly_Plastic_cup_nmap_png" name="Low-Poly_Plastic_cup_nmap_png">
      <init_from>Low-Poly_Plastic_cup_nmap.png</init_from>
    </image>
  </library_images>
  <library_effects>
    <effect id="Plastic_Cup-effect">
      <profile_COMMON>
        <newparam sid="Low-Poly_Plastic_cup_color-surface">
          <surface type="2D">
            <init_from>Low-Poly_Plastic_cup_color</init_from>
          </surface>
        </newparam>
        <newparam sid="Low-Poly_Plastic_cup_color-sampler">
          <sampler2D>
            <source>Low-Poly_Plastic_cup_color-surface</source>
          </sampler2D>
        </newparam>
        <newparam sid="Low-Poly_Plastic_cup_nmap_png-surface">
          <surface type="2D">
            <init_from>Low-Poly_Plastic_cup_nmap_png</init_from>
          </surface>
        </newparam>
        <newparam sid="Low-Poly_Plastic_cup_nmap_png-sampler">
          <sampler2D>
            <source>Low-Poly_Plastic_cup_nmap_png-surface</source>
          </sampler2D>
        </newparam>
        <technique sid="common">
          <phong>
            <emission>
              <color sid="emission">0 0 0 1</color>
            </emission>
            <ambient>
              <color sid="ambient">0 0 0 1</color>
            </ambient>
            <diffuse>
              <texture texture="Low-Poly_Plastic_cup_color-sampler" texcoord="UVMap"/>
            </diffuse>
            <specular>
              <texture texture="Low-Poly_Plastic_cup_color-sampler" texcoord="UVMap"/>
            </specular>
            <shininess>
              <float sid="shininess">103</float>
            </shininess>
            <index_of_refraction>
              <float sid="index_of_refraction">1</float>
            </index_of_refraction>
          </phong>
          <extra>
            <technique profile="FCOLLADA">
              <bump>
                <texture texture="Low-Poly_Plastic_cup_nmap_png-sampler" texcoord="UVMap"/>
              </bump>
            </technique>
          </extra>
        </technique>
      </profile_COMMON>
    </effect>
  </library_effects>
  <library_materials>
    <material id="Plastic_Cup-material" name="Plastic_Cup">
      <instance_effect url="#Plastic_Cup-effect"/>
    </material>
  </library_materials>
  <library_geometries>
    <geometry id="plastic_cup_Lowpoly-mesh" name="plastic_cup_Lowpoly">
      <mesh>
        <source id="plastic_cup_Lowpoly-mesh-positions">
          <float_array id="plastic_cup_Lowpoly-mesh-positions-array" count="1398">-0.4952897 0.06417602 -0.00583148 -0.5995376 0.01839929 -0.01371198 -0.5844281 0.1350098 -0.0137121 -0.4821472 -0.1302474 -0.00583142 -0.5609419 -0.2124343 -0.01371192 -0.5916073 -0.09891808 -0.01371192 -0.3956014 -0.3048434 -0.00583136 -0.4369478 -0.4109272 -0.01371181 -0.5087198 -0.3177869 -0.01371186 -0.2488293 -0.4330291 -0.00583148 -0.2464321 -0.5468604 -0.01371163 -0.3483841 -0.4882758 -0.01371175 -0.06417578 -0.4952894 -0.00583142 -0.01839911 -0.599539 -0.01371157 -0.1350098 -0.5844294 -0.01371163 0.1302478 -0.4821467 -0.00583148 0.2124351 -0.5609431 -0.01371145 0.09891861 -0.5916087 -0.01371157 0.3012143 -0.398969 -0.00583142 0.4022461 -0.4449971 -0.01371306 0.3177861 -0.5087207 -0.01371175 0.4202983 -0.2697768 -0.00583148 0.5341097 -0.2729692 -0.01371169 0.4705951 -0.3719173 -0.01371234 0.4912577 -0.08179634 -0.00583142 0.482147 0.1302482 -0.00583148 0.5984734 -0.02662122 -0.01371163 0.5609428 0.2124354 -0.01371163 0.5916101 0.0989173 -0.01371127 0.3956012 0.3048442 -0.00583136 -0.1302477 0.4821475 -0.00583142 0.01839911 0.599538 -0.01371192 0.01539415 0.5016106 -0.00583142 0.4369478 0.410928 -0.01371175 0.5087202 0.317788 -0.01371169 -0.2124343 0.5609417 -0.01371198 -0.09891813 0.5916073 -0.01371198 0.5758579 -0.1689064 -0.01371139 0.2022176 0.4487458 -0.00583142 -0.3048438 0.3956018 -0.00583142 0.2464314 0.5468603 -0.01371181 0.3483836 0.4882763 -0.01371192 -0.4109267 0.4369474 -0.0137121 -0.3177867 0.5087194 -0.01371204 0.1350091 0.5844289 -0.01371192 -0.4330294 0.2488294 -0.00583148 -0.5468593 0.2464318 -0.01371204 -0.4882751 0.3483837 -0.0137121 -0.5611858 -0.5277668 2.19633 -0.4324599 -0.6061258 2.192908 -0.4474405 -0.6271077 2.19633 -0.30591 -0.6788447 2.192908 -0.3165003 -0.7023494 2.19633 -0.1676049 -0.7254777 2.192908 -0.1733973 -0.7506 2.19633 -0.02285975 -0.7442325 2.192908 -0.02363061 -0.7700054 2.19633 0.122763 -0.7343886 2.192908 0.1270441 -0.7598202 2.19633 0.2636673 -0.6963244 2.192908 0.2728366 -0.7204355 2.19633 0.3944382 -0.6315023 2.192908 0.408117 -0.6533783 2.196325 0.4992812 -0.5524072 2.192908 0.516605 -0.5715337 2.196316 0.5841116 -0.4617004 2.192908 0.6044262 -0.4776293 2.196321 0.6629524 -0.3388711 2.192908 0.6859622 -0.3505995 2.196326 0.714771 -0.2097066 2.192908 0.7396177 -0.2168499 2.196342 0.7428449 -0.03308761 2.192908 0.7686471 -0.0342285 2.196338 0.7343233 0.1227408 2.192908 0.7598299 0.1270076 2.196336 0.696259 0.2636452 2.192908 0.7204356 0.2728372 2.19633 0.6314368 0.3944161 2.192908 0.6533647 0.4081447 2.19633 0.5423483 0.5100282 2.192908 0.5611855 0.5277675 2.19633 0.4324166 0.6060384 2.192908 0.44744 0.6271086 2.19633 0.3058664 0.6787573 2.192908 0.3164997 0.7023501 2.19633 0.1675614 0.7253901 2.192908 0.1733966 0.7506008 2.19633 0.02281689 0.7441449 2.192908 0.02363061 0.7700061 2.19633 -0.1228058 0.7343011 2.192908 -0.1270439 0.7598208 2.19633 -0.2637102 0.6962369 2.192908 -0.2728365 0.7204362 2.19633 -0.3944811 0.6314148 2.192908 -0.4081441 0.6533654 2.19633 -0.5100933 0.5423262 2.192908 -0.5277671 0.5611861 2.19633 -0.6061035 0.4323946 2.192908 -0.6271082 0.4474408 2.19633 -0.6788224 0.3058446 2.192908 -0.7023497 0.3165006 2.19633 -0.7254554 0.1675396 2.192908 -0.7506003 0.1733975 2.19633 -0.7442102 0.02279442 2.192908 -0.7700058 0.02363085 2.19633 -0.7343664 -0.1228284 2.192908 -0.7598206 -0.1270439 2.19633 -0.6963021 -0.2637327 2.192908 -0.7204357 -0.2728363 2.19633 -0.63148 -0.3945035 2.192908 -0.653365 -0.4081439 2.19633 -0.5423915 -0.5101156 2.192908 0 3.24464e-7 0.06774169 -0.2451079 -0.2797025 0.06434583 -0.3708043 -0.02576786 0.06434053 -0.2796382 0.2451879 0.06434559 -0.04433518 0.3732298 0.06434112 0.227299 0.285726 0.06434571 0.369259 0.01902359 0.06434047 0.2733901 -0.2544366 0.06434607 0.02568763 -0.3708221 0.06434106 -0.5220733 -0.3260944 -0.003694057 -0.5756663 -0.2179768 -0.003694176 -0.4484175 -0.4216791 -0.003694117 -0.3575293 -0.5010576 -0.003693997 -0.2529017 -0.5611793 -0.003694057 -0.1385551 -0.5997341 -0.003694057 -0.01888406 -0.6152401 -0.003693938 0.1015126 -0.6071015 -0.003693938 0.2180082 -0.575631 -0.003693938 0.3261235 -0.5220392 -0.003694295 0.4128056 -0.456645 -0.003694772 0.482944 -0.381648 -0.003694474 0.5481244 -0.2801006 -0.003694236 0.5909695 -0.173303 -0.003693342 0.6071331 0.1015452 -0.003693759 0.6141787 -0.02728956 -0.003693461 0.575662 0.2180434 -0.003694176 0.5220691 0.326161 -0.003694176 -0.1015164 0.6071677 -0.003694295 0.01887995 0.6153064 -0.003694295 0.4484133 0.4217455 -0.003694236 -0.2180119 0.5756973 -0.003694295 0.3575249 0.5011241 -0.003694295 -0.3261295 0.5221045 -0.003694295 0.2528972 0.5612458 -0.003694295 -0.4217141 0.4484487 -0.003694295 0.1385505 0.5998005 -0.003694295 -0.5010927 0.3575605 -0.003694236 -0.5612145 0.2529327 -0.003694236 -0.5997692 0.1385864 -0.003694176 -0.6152752 0.01891517 -0.003694236 -0.6071367 -0.1014814 -0.003694117 -0.4245163 -0.5949785 2.229125 -0.3002848 -0.666365 2.229125 -0.1645135 -0.7121436 2.229125 -0.02241998 -0.730555 2.229125 0.120535 -0.7208914 2.229125 0.2588579 -0.6835244 2.229125 0.3872391 -0.6199032 2.229126 0.490177 -0.5422692 2.229127 0.5734502 -0.4532096 2.229126 0.6508367 -0.3326252 2.229126 0.7016615 -0.2058067 2.229122 0.7292349 -0.03243917 2.229123 0.7208741 0.1205307 2.229124 0.6835246 0.2588585 2.229125 0.6198901 0.3872338 2.229125 0.5324335 0.5007279 2.229125 0.4245158 0.5949792 2.229125 0.300284 0.6663659 2.229125 0.1645126 0.7121444 2.229125 0.02241986 0.7305557 2.229125 -0.120535 0.7208922 2.229125 -0.258858 0.6835252 2.229125 -0.3872333 0.6198908 2.229125 -0.5007275 0.5324343 2.229125 -0.5949789 0.4245165 2.229125 -0.6663655 0.300285 2.229125 -0.712144 0.1645137 2.229125 -0.7305555 0.02242016 2.229125 -0.720892 -0.1205348 2.229125 -0.683525 -0.2588577 2.229125 -0.6198905 -0.387233 2.229125 -0.5324341 -0.5007271 2.229125 -0.6013267 -0.2980851 2.115193 -0.6652877 -0.2486968 2.260355 -0.6036022 -0.3731401 2.260355 -0.5188243 -0.483158 2.260354 -0.414212 -0.5745227 2.260354 -0.2937854 -0.643723 2.260354 -0.1621724 -0.6880995 2.260354 0.0452767 -0.669929 2.115194 -0.02443099 -0.7059468 2.260355 0.1141456 -0.6965792 2.260355 0.2977423 -0.6007039 2.115193 0.248232 -0.6603567 2.260354 0.3726753 -0.5986713 2.260354 0.4724491 -0.5233967 2.260352 0.5531651 -0.4370912 2.260354 0.628197 -0.3201994 2.260354 0.6775087 -0.1972821 2.260353 0.704223 -0.02921599 2.260353 0.6961145 0.1190766 2.260354 0.659892 0.253163 2.260354 0.5982065 0.3776065 2.260354 0.01903545 0.710413 2.260354 -0.1195409 0.7010455 2.260354 0.4369565 0.5002909 2.115193 0.5134285 0.4876244 2.260354 0.408816 0.5789891 2.260354 -0.2536275 0.664823 2.260354 -0.3780708 0.6031376 2.260355 0.2883893 0.6481892 2.260354 0.1567763 0.6925657 2.260354 -0.4880889 0.5183597 2.260354 -0.5794535 0.4137472 2.260354 -0.6335038 0.2135652 2.115193 -0.6486538 0.2933207 2.260355 -0.6930303 0.1617077 2.260355 -0.6684651 -0.04520946 2.115194 -0.7108777 0.02396625 2.260354 -0.7015101 -0.1146103 2.260354 -0.3772367 -0.431935 0.01278805 -0.4631671 -0.2295859 0.02469015 -0.5138158 -0.2546936 0.01278811 -0.1832268 -0.5434181 0.01278817 -0.340048 -0.3893575 0.02469074 0.03867769 -0.5721707 0.01278817 -0.1651628 -0.489844 0.02469295 0.2546908 -0.5138169 0.01278817 0.03486359 -0.5157637 0.02469229 0.4192737 -0.3924093 0.01278817 0.2295653 -0.4631847 0.02468818 0.5331774 -0.2122513 0.01278811 0.3779503 -0.3537204 0.02468967 0.513816 0.2546933 0.01278811 0.5153042 0.03127712 0.02469319 0.5716603 0.03472572 0.01278805 0.3772364 0.4319357 0.01278811 0.4631685 0.2295786 0.0246908 -0.2546939 0.5138161 0.01278811 -0.03486353 0.5157644 0.02469229 -0.03867763 0.5721712 0.01278817 0.4806209 -0.1912806 0.02469503 0.1832262 0.5434188 0.01278817 0.3400477 0.3893582 0.0246908 -0.4319353 0.377237 0.01278811 -0.2295862 0.4631675 0.02469015 0.1651623 0.4898447 0.02469295 -0.5434184 0.183227 0.01278811 -0.3893576 0.3400481 0.02469086 -0.572171 -0.03867745 0.01278817 -0.4898439 0.1651628 0.02469313 -0.5157637 -0.03486317 0.02469247 0 3.24461e-7 0.0894435 -0.1875717 -0.3238491 0.09395426 0.09893679 -0.3612371 0.09394937 0.316044 -0.2025169 0.09395498 0.3610117 0.09777086 0.0939486 0.1875714 0.3238499 0.09395426 -0.09894382 0.3612357 0.09394896 -0.3237395 0.1876965 0.09395515 -0.3611778 -0.09911412 0.09394961 0.7339442 -0.03264504 2.271573 0.7606039 -0.03386437 2.258583 0.7255295 0.121311 2.271572 0.7518784 0.1256822 2.258585 0.6879221 0.2605239 2.271572 0.7128975 0.2699823 2.258589 0.6238783 0.389725 2.271572 0.02256417 0.7352556 2.271572 0.02338337 0.7619494 2.258589 -0.1213104 0.72553 2.271572 0.6465285 0.4038742 2.258589 0.5358591 0.5039494 2.271572 -0.1257146 0.7518706 2.258589 -0.2605233 0.6879227 2.271572 0.7062073 -0.2071453 2.271573 0.7318747 -0.2145902 2.258581 0.5553137 0.5222454 2.258589 0.427247 0.5988071 2.271572 -0.2699818 0.7128981 2.258589 -0.3897245 0.6238788 2.271572 0.4427584 0.620547 2.258589 0.3022159 0.6706529 2.271572 -0.4038737 0.646529 2.258589 -0.5039488 0.5358597 2.271572 0.3131881 0.6950013 2.258589 0.1655711 0.716726 2.271572 -0.5222449 0.5553143 2.258589 -0.5988066 0.4272477 2.271572 0.1715822 0.742747 2.258589 -0.6205465 0.4427591 2.258589 -0.6706525 0.3022168 2.271572 -0.6950008 0.313189 2.258589 -0.7167256 0.165572 2.271572 -0.7427466 0.1715832 2.258589 -0.7352554 0.02256441 2.271572 -0.7619491 0.02338361 2.258589 -0.7255297 -0.1213103 2.271572 -0.7518703 -0.1257146 2.258589 -0.6879222 -0.2605232 2.271572 -0.7128976 -0.2699816 2.258589 -0.6238785 -0.3897243 2.271572 -0.6465288 -0.4038735 2.258589 -0.5358594 -0.5039485 2.271572 -0.555314 -0.5222447 2.258589 -0.4272474 -0.5988063 2.271572 -0.4427588 -0.6205462 2.258589 -0.3022166 -0.6706522 2.271572 -0.3131887 -0.6950004 2.258589 -0.1655718 -0.7167252 2.271572 -0.1715829 -0.7427462 2.258589 -0.02256417 -0.735255 2.271572 -0.02338337 -0.7619488 2.258589 0.1213105 -0.7255293 2.271572 0.1257148 -0.7518699 2.258589 0.2605234 -0.687922 2.271572 0.2699818 -0.7128973 2.258589 0.3897244 -0.623878 2.271572 0.4038495 -0.6465406 2.258593 0.4933025 -0.5457291 2.271574 0.5111991 -0.5655559 2.258599 0.5771205 -0.4561099 2.271573 0.5981022 -0.4726326 2.258595 0.6550154 -0.3347595 2.271572 0.6787859 -0.3469294 2.258592 0.3295852 -0.5275825 0.1227771 0.5972393 -0.1751441 0.1227779 0.4171881 -0.4614949 0.1227768 -0.3800219 -0.435124 0.100885 -0.5176093 -0.256574 0.1008849 -0.1845796 -0.5474302 0.100885 0.03896319 -0.576395 0.100885 0.2565713 -0.5176104 0.100885 0.4223694 -0.3953066 0.1008847 0.5371138 -0.2138187 0.1008851 0.5176095 0.2565738 0.100885 0.5758808 0.0349822 0.100885 0.3800215 0.4351248 0.1008849 -0.2565743 0.5176097 0.1008849 -0.03896319 0.5763956 0.100885 0.184579 0.5474309 0.100885 -0.4351243 0.3800222 0.100885 -0.5474305 0.1845798 0.1008849 -0.5763954 -0.03896296 0.1008849 -0.5064105 0.3613531 0.122777 -0.4261896 0.4532058 0.122777 0.4233076 0.5932866 2.188856 0.2994294 0.6644701 2.188856 -0.7188404 -0.1201912 2.188856 -0.5817756 -0.2202924 0.1227771 -0.4233083 -0.5932846 2.188856 -0.4993025 0.5309196 2.188856 0.6489843 -0.3316779 2.188857 -0.2994302 -0.664468 2.188856 0.1640444 0.7101184 2.188856 -0.1400254 -0.6061012 0.1227771 -0.1640453 -0.7101163 2.188856 0.7271599 -0.0323463 2.188855 0.6135756 0.1026206 0.1227772 0.01908046 0.6218343 0.122777 0.02235603 0.7284772 2.188856 -0.02235621 -0.7284753 2.188856 -0.6644691 0.299431 2.188856 0.6815794 0.2581225 2.188856 0.1201919 -0.7188392 2.188856 0.5276098 0.3296203 0.1227771 0.6203737 -0.2470173 2.115197 0.5957662 0.2952782 2.115193 0.6648796 0.040353 2.115195 0.4885636 -0.4573063 2.115185 -0.2146909 -0.6367281 2.115193 -0.4419394 -0.5060252 2.115193 0.5718179 -0.451919 2.188858 -0.6181263 -0.3861303 2.188856 -0.6135801 -0.1025606 0.122777 0.3613194 0.5064403 0.1227769 0.6206957 -0.02758121 0.1227776 0.4531723 0.4262193 0.122777 -0.6061344 0.1400549 0.1227769 0.140021 0.6061639 0.1227769 -0.01908433 -0.6217718 0.1227774 0.220322 -0.5817423 0.1227771 -0.3295906 0.5276433 0.1227769 -0.5671705 0.2556149 0.122777 0.4880704 -0.3857014 0.1227769 -0.4531764 -0.4261565 0.1227769 -0.04485327 0.663111 2.115194 -0.6218049 0.01911371 0.1227769 0.10259 -0.6135467 0.1227772 -0.3613235 -0.5063775 0.122777 0.5817716 0.2203553 0.1227771 -0.5276139 -0.3295574 0.1227768 0.2555812 0.5672 0.1227769 -0.5024049 0.4387268 2.115194 -0.2555856 -0.5671372 0.1227771 0.2121863 0.6293324 2.115193 -0.2203255 0.5818049 0.1227769 -0.1025936 0.6136093 0.1227769 0.5539422 -0.2830757 0.1227768 -0.2956576 0.5963645 2.115194 -0.5932856 0.423309 2.188856 0.6181259 0.3861324 2.188856 -0.6815798 -0.2581205 2.188856 0.6996652 -0.2052205 2.188854 0.7188228 0.1201882 2.188855 0.3861369 -0.6181382 2.188857 0.2581212 -0.6815786 2.188856 -0.3861313 0.6181272 2.188856 -0.5309188 -0.4993014 2.188856 0.5309183 0.4993035 2.188856 -0.7284764 0.02235698 2.188856 0.4887816 -0.540725 2.188859 -0.2581214 0.6815806 2.188856 -0.120192 0.7188412 2.188856 -0.7101173 0.1640461 2.188856 -0.6474263 -0.1748546 2.115193 -0.1734333 0.6420598 2.115194 -0.663732 0.08604562 2.115193 0.1750306 -0.6477775 2.115193 0.6429933 0.1714649 2.115194 0.3308805 0.5758216 2.115193 0.6584573 -0.105753 2.115196 0.564369 -0.3582581 2.115191 -0.5789619 0.3327296 2.115193 -0.08630263 -0.6662082 2.115193 -0.4066671 0.5277819 2.115194 0.08536773 0.6588039 2.115193 0.399766 -0.5374791 2.115189 0.5263642 0.405617 2.115193 -0.5319685 -0.4098911 2.115193 -0.3347986 -0.5826279 2.115193 -0.5949789 0.4245165 2.229125 -0.6663655 0.300285 2.229125 0.300284 0.6663659 2.229125 0.1645126 0.7121444 2.229125 0.02241986 0.7305557 2.229125 -0.5007275 0.5324343 2.229125 -0.720892 -0.1205348 2.229125 -0.683525 -0.2588577 2.229125 0.6835246 0.2588585 2.229125 0.6198901 0.3872338 2.229125 0.5324335 0.5007279 2.229125 -0.7305555 0.02242016 2.229125 0.4245158 0.5949792 2.229125 -0.712144 0.1645137 2.229125 0.120535 -0.7208914 2.229125 0.2588579 -0.6835244 2.229125 0.3872391 -0.6199032 2.229126 0.490177 -0.5422692 2.229127 -0.02241998 -0.730555 2.229125 0.5734502 -0.4532096 2.229126 0.6508367 -0.3326252 2.229126 -0.3002848 -0.666365 2.229125 -0.1645135 -0.7121436 2.229125 0.7208741 0.1205307 2.229124 -0.6198905 -0.387233 2.229125 0.7292349 -0.03243917 2.229123 -0.5324341 -0.5007271 2.229125 -0.4245163 -0.5949785 2.229125 0.7016615 -0.2058067 2.229122 -0.120535 0.7208922 2.229125 -0.258858 0.6835252 2.229125 -0.3872333 0.6198908 2.229125</float_array>
          <technique_common>
            <accessor source="#plastic_cup_Lowpoly-mesh-positions-array" count="466" stride="3">
              <param name="X" type="float"/>
              <param name="Y" type="float"/>
              <param name="Z" type="float"/>
            </accessor>
          </technique_common>
        </source>
        <source id="plastic_cup_Lowpoly-mesh-normals">
          <float_array id="plastic_cup_Lowpoly-mesh-normals-array" count="1398">0.2422119 -0.04118418 -0.9693489 -0.2612791 0.008936107 -0.965222 -0.2548531 0.05786013 -0.9652472 -0.1512987 -0.2137321 -0.9651048 0.2008502 0.142506 -0.9692014 0.113932 0.2179114 -0.9692957 0.23489 0.07343965 -0.9692438 -0.2449883 -0.09179699 -0.9651705 -0.2577826 -0.04410463 -0.9651958 0.1471709 -0.2025376 -0.9681525 -0.09155958 0.244428 -0.9653352 0.08193033 -0.2469809 -0.9655506 -0.191339 -0.1786741 -0.9651244 -0.2214412 -0.1394914 -0.9651456 -0.1860173 -0.1399597 -0.972527 0.2447575 0.0916354 -0.9652444 -0.230046 -0.07038855 -0.970631 -0.10846 -0.2384058 -0.9650903 0.2178905 -0.1139088 -0.9693031 0.04118543 0.2422513 -0.9693391 -0.008985519 -0.2618218 -0.9650745 -0.05802249 -0.255449 -0.96508 -0.07226806 0.2376014 -0.9686707 0.09192377 -0.2451527 -0.9651167 0.04414004 -0.2582321 -0.9650741 0.205833 -0.1590278 -0.965579 -0.1429625 0.2065651 -0.9679321 -0.2167063 0.123841 -0.9683501 0.1726705 -0.1932248 -0.9658411 0.1375793 -0.2213651 -0.9654375 0.2315087 -0.1205204 -0.9653386 0.7379953 -0.650931 0.1779094 0.6089524 -0.4356442 0.6628658 0.8511718 -0.4946182 0.1756689 0.255352 -0.06929016 -0.9643621 -0.2399395 0.04748636 -0.9696258 0.2593194 0.04249066 -0.9648565 -0.2131712 0.1508923 -0.9652926 0.1909292 0.1782125 -0.9652909 0.2210884 0.1391961 -0.9652692 -0.04294365 0.2562018 -0.9656689 0.2633432 -0.01475703 -0.9645894 -0.7264411 0.6708252 0.1492551 -0.5796542 0.4510649 0.6786321 -0.837174 0.5258665 0.1503477 -0.1005595 -0.2254695 -0.9690466 0.107731 0.2390273 -0.9650181 0.1531987 0.2148882 -0.9645483 -0.1781979 0.19084 -0.9653112 -0.1391256 0.2208842 -0.9653261 -0.9853169 -0.05859726 0.1603651 -0.719223 -0.1187542 0.6845552 -0.9521296 -0.2571024 0.1653716 -0.2378014 0.1081713 -0.9652718 -0.3320845 -0.736942 -0.5887584 0.1087955 0.47092 -0.8754416 -0.1819353 -0.7875697 -0.5887561 -0.0369302 0.002141892 0.9993156 0.7408597 0.121177 0.6606383 0.7504211 -0.02541458 0.6604714 0.2807162 0.3934431 -0.8754432 -0.4694785 -0.6579945 -0.5887557 0.352099 0.3311458 -0.8754249 -0.5888231 -0.5537562 -0.5887628 0.4099829 0.2561266 -0.8753932 -0.685536 -0.4282342 -0.5887749 0.4521408 0.1712528 -0.8753521 -0.7559014 -0.286262 -0.5887845 0.469399 0.6578861 -0.5889402 -0.1990723 -0.4417701 -0.8747625 0.3320353 0.7368172 -0.5889424 -0.6687107 0.4771243 0.5702443 -0.021775 0.02283984 0.999502 -0.5627789 0.5984149 0.5702453 0.7298339 -0.3762872 0.5707457 0.07418751 -0.01955986 0.9970526 0.06538254 -0.03353691 0.9972966 0.2862727 -0.7558981 -0.5887835 -0.2551076 0.4129809 -0.8742808 0.4243274 -0.686995 -0.5899018 0.6369169 -0.495679 -0.5904568 -0.4312889 0.2223535 -0.8743848 0.7178962 -0.3701003 -0.5896193 0.03030329 0.0448302 0.9985349 -0.5303865 -0.5023814 0.682864 0.04155468 0.04086828 0.9983001 0.8212957 -0.04229527 0.5689327 0.7929949 -0.2191939 0.5684304 -0.01313227 0.03232973 0.9993911 0.1234423 -0.7302054 0.6719838 -0.007294833 0.03716063 0.9992827 0.0799092 -0.4778057 -0.8748235 -0.2862271 0.7558122 -0.5889161 -0.1332733 0.7971205 -0.5889289 -0.01484894 -0.484269 -0.8747932 0.02479416 0.8078009 -0.5889338 -0.1090574 -0.4721043 -0.8747709 0.181907 0.7874389 -0.5889396 0.5887258 0.5536735 -0.5889378 -0.2814331 -0.3944343 -0.874767 0.6854344 0.4281845 -0.5889294 -0.3529614 -0.3319213 -0.8747837 0.7558113 0.286223 -0.588919 -0.4108896 -0.2566527 -0.8748138 -0.02087157 -0.73783 0.6746639 3.26024e-5 0.04147875 0.9991395 0.2565861 -0.4106977 -0.8749235 -0.5536897 0.5887652 -0.5888832 -0.4281856 0.6854604 -0.5888983 0.3317095 -0.3526672 -0.8749827 -0.657922 0.4694421 -0.5888656 0.3940438 -0.281108 -0.8750473 -0.7368779 0.3320706 -0.5888466 0.4412021 -0.1987825 -0.875115 -0.7875179 0.1819332 -0.5888259 0.4713842 -0.1088629 -0.8751834 -0.8078916 0.02480226 -0.5888091 0.4834517 -0.01480698 -0.8752459 -0.7972164 -0.1332883 -0.5887957 0.4769498 0.07977396 -0.8753028 0.1333022 -0.7972319 -0.5887715 -0.1712197 0.4521725 -0.8753421 -0.02478939 -0.8079258 -0.5887627 -0.07970744 0.4768081 -0.8753861 0.01484036 0.483137 -0.875419 -6.51165e-5 -2.2922e-5 -1 0.1856171 0.2120862 -0.9594612 0.2808243 0.01931834 -0.9595648 0.2144723 -0.1824506 -0.9595382 0.0293101 -0.2823395 -0.9588667 -0.1754537 -0.2202969 -0.9595235 -0.2801408 -0.01690137 -0.9598101 -0.2086482 0.1904354 -0.9592707 -0.01712989 0.2808411 -0.9596014 0.1376519 -0.2678609 0.9535735 0.0625478 -0.239007 0.9690012 0.01188176 -0.2983373 0.9543867 -0.6656541 -0.03396213 0.7454873 0.2819198 -0.0970261 0.9545193 -0.6239467 0.2338178 0.7456674 0.215411 -0.2106848 0.953525 -0.4845269 0.4508656 0.7496359 0.2106262 -0.1293832 0.9689668 -0.0875467 -0.2852516 0.954446 -0.1233743 -0.2138431 0.9690459 -0.2026938 -0.2199755 0.9542149 -0.2386069 -0.06502157 0.968937 -0.2851852 0.08751684 0.9544686 -0.2982743 -0.01186788 0.9544065 0.2643473 0.1389189 0.95437 0.2393885 0.06250309 0.96891 0.2976185 0.006977438 0.9546594 -0.634477 -0.5966612 -0.4913598 -0.7386603 -0.4613944 -0.4914225 -0.5058978 -0.7090055 -0.491303 -0.3578627 -0.794102 -0.4912601 0.3084958 -0.8145714 -0.4912269 -0.02672135 -0.8706295 -0.4912132 -0.1960633 -0.8486769 -0.4912297 0.1436495 -0.8591133 -0.4912119 -0.003013312 -0.06784611 0.9976913 -0.1211583 0.7304841 0.6720964 0.02420485 0.7418442 0.6701353 0.6869183 -0.5346246 -0.49226 0.548618 -0.6098358 0.5719428 0.05757701 -0.04458075 0.9973453 0.04766017 -0.05325102 0.9974432 0.03776335 -0.06199383 0.9973619 -0.4929058 0.546971 0.6766585 -0.3880702 0.6273208 0.6751816 0.4314044 -0.6985045 0.5709481 0.7682291 0.2909337 0.5702469 0.06939619 0.01192349 0.997518 0.8116856 0.1303849 0.5693563 -0.8144427 -0.3084067 -0.4914962 -0.8589191 -0.1435821 -0.4915712 -0.8703833 0.02674192 -0.4916483 -0.8484014 0.1960203 -0.4917227 -0.3083282 0.8141784 -0.4919832 -0.1435701 0.8586769 -0.4919977 -0.7938214 0.3577501 -0.4917951 -0.7087486 0.5057201 -0.4918565 0.007944464 0.25876 -0.965909 0.1959499 0.848268 -0.491981 0.05821257 0.2554673 -0.9650636 -0.02549725 0.01834732 0.9995066 0.6830498 -0.3094536 0.6615751 0.7384566 0.4613311 -0.4917881 -0.5964505 0.6342472 -0.4919121 -0.4612451 0.7383983 -0.4919562 0.5056675 0.7087509 -0.4919071 0.6342416 0.596505 -0.491853 0.3576751 0.7937568 -0.4919539 0.8143055 0.3084169 -0.491717 0.8601995 0.1382628 -0.4908567 0.01088935 -0.06967312 0.9975105 -0.2611576 0.6909519 0.6740788 0.2105302 0.9114221 -0.3535345 0.0286628 0.9350099 -0.3534617 0.3843033 0.852822 -0.3535614 0.1985708 0.4406402 -0.8754462 0.6814513 0.6408369 -0.3534858 0.874907 0.331281 -0.3532574 -0.9240978 -0.148313 -0.3522026 -0.4529753 -0.1715075 -0.8748707 -0.4758617 -0.07651573 -0.8761856 -0.8318285 0.4288558 -0.3523409 -0.4617356 0.1278757 -0.8777517 -0.491612 0.7962073 -0.3526639 -0.3263389 0.3627753 -0.8728672 -0.3313841 0.8748967 -0.3531861 0.543316 0.761457 -0.3535407 -0.9019189 0.2485351 -0.3532319 -0.4807722 0.02471256 -0.8764973 -0.7939772 -0.4960277 -0.3515067 0.1543419 -0.923361 -0.3515441 -0.5437704 -0.7621447 -0.3513534 -0.02874922 -0.9357696 -0.3514384 -0.7388041 0.5745643 -0.3521994 -0.3838938 0.2989093 -0.8736584 -0.2107486 -0.9122101 -0.3513657 -0.6819851 -0.6414096 -0.3514114 -0.875458 -0.3315385 -0.3516469 0.3314844 -0.8754614 -0.3516896 0.1715641 -0.452958 -0.8748685 0.495869 -0.7939203 -0.3518587 0.6411716 -0.6818777 -0.3520539 0.7618116 -0.5436465 -0.3522663 0.8531602 -0.3845452 -0.352481 0.9117088 -0.2106921 -0.3526982 0.9352182 -0.02877098 -0.3529011 0.9227891 0.1542305 -0.3530911 -0.1543179 0.9226723 -0.3533577 0.7934163 0.4955851 -0.3533924 0.8856509 0.4362036 0.1592133 0.7025502 0.2630556 0.66123 0.6370515 0.3946048 0.6621575 -0.6471755 -0.7420935 0.1745312 -0.4230292 -0.5972653 0.6814107 -0.4905577 -0.8532094 0.1771631 0.6506113 0.7438679 0.1528577 0.5469714 0.5106339 0.6633819 0.4359269 0.6066015 0.6648327 -0.8823612 -0.439376 0.1684861 -0.6174615 -0.3887651 0.6838151 -0.7793698 -0.6025775 0.1717062 0.3148357 0.9375127 0.14815 0.308339 0.6787833 0.6664686 0.1692673 0.7244256 0.6682485 -0.069646 0.9868531 0.1458442 -0.2614613 0.9541375 0.1458074 -0.9219732 0.3546588 0.1555071 -0.7027379 0.1942896 0.6844056 -0.9761412 0.1514101 0.155639 -0.4398632 0.8861886 0.1455689 -0.5938594 0.7910115 0.147078 -0.6520505 0.3343403 0.6804754 -0.7300096 0.03454262 0.6825634 -0.6810148 -0.2605385 0.6843526 0.06344497 -0.981382 0.1812847 0.1250436 0.9812392 0.1467438 0.9841018 0.06258845 0.1662119 0.9533514 0.2542083 0.162786 -0.02441394 -0.249653 -0.9680277 0.43306 -0.8830288 0.180885 0.2638937 -0.6945169 0.6693328 0.395022 -0.6318876 0.6668403 0.4923434 0.8573221 0.1503221 0.931813 -0.3191787 0.1727704 0.7308803 -0.1708856 0.6607663 0.9767593 -0.1309283 0.1697031 -0.3154526 -0.9318946 0.1790598 -0.2992567 -0.6698712 0.6794984 -0.1635449 -0.7173826 0.6772114 0.5116043 -0.5445111 0.6646569 0.7833913 0.6016408 0.1559697 0.5968654 -0.7819345 0.1798056 0.2530453 -0.9502715 0.1815274 -0.1284105 -0.9751381 0.1806005 -0.2645319 -0.1401051 0.9541454 0.6628189 0.04480391 0.7474381 0.5952237 0.2950466 0.7474331 -0.2122535 -0.6295104 0.747439 0.202676 0.2198514 0.9542472 -0.4370034 -0.5003692 0.7474347 0.6295097 -0.2122535 0.7474398 -0.596955 -0.2933393 0.7467241 -0.2137463 0.1234788 0.9690539 -0.1401104 0.2643997 0.9541813 -0.2198755 0.2026747 0.954242 0.5003691 -0.4370031 0.747435 0.2950463 -0.5952237 0.7474333 -0.01188439 0.2983332 0.9543879 0.04480391 -0.662819 0.747438 0.4370031 0.5003694 0.7474348 0.2122536 0.62951 0.7474393 -0.04480355 0.6628191 0.747438 -0.2875007 0.5961056 0.7496677 -6.5468e-6 -1.70856e-5 1 0.1235435 0.2137466 0.9690457 -0.06500059 0.2386434 0.9689295 0.06102341 0.02423608 0.9978421 -0.01564037 -0.06284761 0.9979007 0.07328432 -0.003215909 0.9973059 0.8083799 -0.04159569 -0.5871898 0.7989504 0.1283779 -0.5875352 -0.1354717 0.8102281 0.570244 0.02519792 0.8210881 0.5702452 0.1848999 0.8003953 0.5702452 0.0191878 0.04595637 0.9987592 0.3374978 0.7489436 0.5702444 -0.04197591 -0.01448184 0.9990137 -0.435222 0.6967096 0.5702434 -0.01780688 0.02748507 0.9994636 -0.03317511 0.008439004 0.9994139 0.6967064 0.4352223 0.5702471 0.008931636 0.04464286 0.9989632 -0.04196554 -0.02458596 0.9988166 -0.8102269 -0.1354718 0.5702455 -0.04007869 -0.005485892 0.9991816 -0.02928596 0.01369565 0.9994773 -0.8003976 0.1848992 0.5702421 -0.7489445 0.3374966 0.570244 0.1354727 -0.810227 0.570245 -0.02519774 -0.8210891 0.5702437 0.8703801 -0.04474079 -0.4903435 0.8402374 -0.2323489 -0.4899135 0.7810617 -0.2159414 -0.5859282 -0.6967108 -0.4352191 0.5702443 -0.03950601 -0.03525841 0.9985971 -0.5984134 -0.56278 0.5702457 -0.03428196 -0.04576164 0.998364 -0.02624154 -0.05524009 0.9981282 -0.2909363 0.7682291 0.5702457 -0.82109 0.02519857 0.5702424 -0.1849009 -0.800395 0.5702453 0.0520823 0.0339455 0.9980658 -0.3374987 -0.7489437 0.5702438 -0.4771229 -0.6687119 0.570244 0.4771236 0.6687108 0.5702447 -0.7682282 -0.290937 0.5702465 0.5984152 0.5627794 0.5702445 0.5393039 -0.599484 -0.5914138 0.02516478 -0.06802636 0.9973662 0.02670174 0.8701861 -0.4919993 0.4575659 -0.7407373 -0.4918758 0.5819898 -0.6468833 -0.492778 0.2909322 -0.7682339 0.5702413 0.7738974 -0.3989744 -0.4918357 0.6477105 -0.5040654 0.5713049 -0.6259231 0.6958574 -0.3521403 0.08754539 0.2852506 0.9544464 -0.164694 0.9849956 -0.05157196 -0.353692 0.9339392 -0.05157274 0.03063303 0.9981995 -0.05157178 0.2247835 0.973043 -0.05157226 0.8876189 -0.4576796 -0.05159562 0.7881547 -0.61331 -0.05160343 -0.9849949 -0.1646932 -0.05158799 -0.9339379 -0.3536925 -0.05159056 -0.9849947 -0.1646946 -0.05158853 -0.9339382 -0.3536921 -0.0515905 -0.9339379 -0.3536928 -0.05159044 0.1646941 -0.9849941 -0.05160087 0.3536462 -0.933955 -0.05160033 0.1646938 -0.9849941 -0.05160081 -0.8469905 -0.5290986 -0.05159342 -0.8469898 -0.5290997 -0.0515936 -0.5290984 0.8469918 -0.05157345 0.9339396 0.3536895 -0.05158096 0.9860354 0.1583476 -0.05157721 0.9964824 0.06725341 0.04999965 0.3190791 0.9463824 0.05048644 0.656993 0.7522062 0.05045956 0.06730365 -0.9965451 0.04866552 -0.3191392 -0.9464638 0.04854434 -0.5290997 0.846991 -0.05157256 -0.6841722 0.7274948 -0.05157482 -0.6841723 0.7274945 -0.05157464 -0.4102953 -0.910492 -0.05159866 -0.2247839 -0.9730414 -0.05160015 -0.2247837 -0.9730415 -0.05160015 -0.9981987 0.0306344 -0.05158495 0.9339604 0.3536348 -0.05157971 0.8469915 0.5290982 -0.05157977 0.9339611 0.3536326 -0.05158132 0.8469914 0.5290986 -0.05157911 -0.5800398 -0.8129523 -0.05159795 -0.4102955 -0.9104917 -0.05159926 -0.812953 0.5800409 -0.05157703 -0.9104926 0.4102959 -0.05157941 -0.727494 -0.6841713 -0.0515958 -0.9730426 0.2247833 -0.05158209 -0.3536925 0.9339389 -0.05157268 -0.5290988 0.8469917 -0.05157279 0.5800405 0.8129534 -0.05157417 0.4102976 0.9104923 -0.05157202 0.5800414 0.8129528 -0.05157428 -0.9981988 0.0306338 -0.05158549 -0.9849947 -0.1646939 -0.05158817 0.8948661 0.4434929 0.05028843 -0.6570059 -0.7523193 0.04857039 -0.8963129 -0.4407233 0.04884874 -0.9349247 0.3513582 0.04963028 -0.7311669 0.6804143 0.04930961 -0.4344287 0.8993285 0.04979884 -0.06741863 0.9964529 0.05036377 0.7521952 -0.657097 0.04925626 0.3536884 -0.9339389 -0.05160015 0.164694 -0.9849941 -0.05160057 -0.5800374 -0.8129542 -0.05159682 -0.4102952 -0.910492 -0.05159866 0.7274944 0.6841724 -0.05157732 0.7274951 0.6841714 -0.05157834 -0.8469906 -0.5290984 -0.05159336 0.4102963 0.9104929 -0.05157244 0.2247837 0.973043 -0.0515722 0.9860432 0.1582998 -0.05157577 -0.9104924 0.4102964 -0.05158001 -0.9730424 0.2247839 -0.05158233 -0.9730426 0.224783 -0.05158257 0.5800399 0.8129537 -0.05157512 0.7274945 0.6841722 -0.05157685 0.5246582 -0.8497474 -0.05160593 0.5246706 -0.8497398 -0.05160462 0.9973483 -0.05141311 -0.05151098 0.9626024 -0.2659591 -0.0515995 -0.2247841 -0.9730414 -0.05160039 -0.03063297 -0.9981979 -0.05160129 0.5247548 -0.8496879 -0.05160367 0.6679054 -0.7424545 -0.05161237 -0.9981988 0.03063398 -0.05158519 0.9463789 -0.3192231 0.04963684 0.4435039 -0.8949368 0.04891508 0.4102957 0.9104932 -0.05157363 0.7882035 -0.6132472 -0.05160492 0.8877136 -0.4574957 -0.05159646 0.7881892 -0.6132656 -0.0516045 -0.03063327 -0.998198 -0.05159962 -0.03063321 -0.998198 -0.05159789 -0.727494 -0.6841714 -0.05159533 -0.5800387 -0.8129533 -0.05159717 -0.1646942 0.9849955 -0.05157214 -0.3536921 0.9339391 -0.05157226 0.03063386 0.9981995 -0.05157029 -0.1646941 0.9849956 -0.05157172 -0.8129533 0.5800405 -0.05157661 -0.8129536 0.5800399 -0.05157607 -0.684172 0.7274948 -0.05157482 0.2247835 0.9730431 -0.05157202 0.9626341 -0.2658451 -0.05159395 0.9973465 -0.0514447 -0.05151164 0.9626185 -0.2659018 -0.05159324 0.9860466 0.1582789 -0.05157536 -0.997444 -0.0515204 0.04950809 0.6678901 -0.742468 -0.05161529 0.667896 -0.7424626 -0.05161619 -0.9104923 0.4102966 -0.05157971 0.846991 0.5290992 -0.05157953 -0.7274944 -0.6841709 -0.05159556 0.3536468 -0.9339547 -0.0516014 0.03063374 0.9981995 -0.05157071 0.8877084 -0.4575061 -0.05159443 0.9973455 -0.05146759 -0.05151075 -0.9347021 0.04832965 -0.352131 -0.3846527 -0.8535831 -0.3513381</float_array>
          <technique_common>
            <accessor source="#plastic_cup_Lowpoly-mesh-normals-array" count="466" stride="3">
              <param name="X" type="float"/>
              <param name="Y" type="float"/>
              <param name="Z" type="float"/>
            </accessor>
          </technique_common>
        </source>
        <source id="plastic_cup_Lowpoly-mesh-map">
          <float_array id="plastic_cup_Lowpoly-mesh-map-array" count="5184">0.9134221 0.03889906 0.9103494 0.01821959 0.9302238 0.026461 0.8083059 0.03837728 0.8432135 0.03884899 0.813349 0.05874174 0.8783901 0.03189682 0.8676258 0.01389008 0.8892393 0.01395517 0.9630659 0.08851975 0.9880618 0.1128655 0.9700962 0.1236801 0.8432135 0.03884899 0.826305 0.02633523 0.8463709 0.01805001 0.9133738 0.2083775 0.8890684 0.2333021 0.8783098 0.2153268 0.813349 0.05874174 0.7930313 0.05365622 0.8083059 0.03837728 0.9302238 0.026461 0.9431292 0.05873376 0.9134221 0.03889906 0.793501 0.08852225 0.7727298 0.09158474 0.7810215 0.07159554 0.7810215 0.07159554 0.813349 0.05874174 0.793501 0.08852225 0.7864848 0.1236391 0.7684708 0.1344632 0.7684769 0.1127991 0.78981 0.1894863 0.7930948 0.1580151 0.810422 0.1853244 0.7930948 0.1580151 0.7800283 0.1738516 0.7726986 0.15573 0.7864848 0.1236391 0.7727298 0.09158474 0.793501 0.08852225 0.810422 0.1853244 0.8044083 0.2054732 0.78981 0.1894863 0.6622335 0.4060109 0.6499763 0.432438 0.6388316 0.4060109 0.8208567 0.2177755 0.810422 0.1853244 0.8403018 0.2069348 0.8783098 0.2153268 0.8890684 0.2333021 0.8674959 0.2333032 0.9634681 0.05362522 0.9630659 0.08851975 0.9431292 0.05873376 0.7930948 0.1580151 0.7684708 0.1344632 0.7864848 0.1236391 0.9133738 0.2083775 0.930226 0.2209038 0.9102298 0.2291314 0.9700962 0.1236801 0.9880618 0.1128655 0.9880667 0.1344836 0.8403018 0.2069348 0.8449421 0.2285244 0.8208567 0.2177755 0.292277 0.4060109 0.2815923 0.432438 0.2697919 0.4060109 0.9482244 0.1812008 0.9634894 0.1937598 0.9481952 0.2089622 0.9630659 0.08851975 0.9755403 0.0715937 0.9838587 0.09163194 0.1948702 0.4060109 0.1806502 0.432438 0.1709604 0.4060109 0.8432135 0.03884899 0.8676258 0.01389008 0.8783901 0.03189682 0.9431292 0.05873376 0.9481546 0.03838437 0.9634681 0.05362522 0.8783901 0.03189682 0.9103494 0.01821959 0.9134221 0.03889906 0.4391756 0.4524199 0.4162227 0.4567189 0.4161927 0.4524199 0.5789042 0.4373068 0.5557958 0.432438 0.5792367 0.432438 0.4621729 0.4567189 0.4391756 0.4524199 0.4621669 0.4524199 0.4853253 0.4567189 0.4621669 0.4524199 0.4853221 0.4524199 0.5086261 0.4567189 0.4853221 0.4524199 0.5086221 0.4524199 0.5320146 0.4567189 0.5086221 0.4524199 0.5320083 0.4524199 0.0866056 0.4524199 0.06268399 0.4567189 0.06268274 0.4524199 0.649936 0.4421393 0.6737172 0.4373068 0.6737152 0.4421393 0.2579355 0.4421393 0.2352921 0.4373068 0.2579343 0.4373068 0.3462672 0.4524199 0.3228288 0.4567189 0.3227946 0.4524199 0.2817532 0.4524199 0.2579926 0.4567189 0.2579678 0.4524199 0.08649706 0.4373068 0.1096664 0.432438 0.1102342 0.4373068 0.2061536 0.4421393 0.2352921 0.4373068 0.2353035 0.4421393 0.7216871 0.4373068 0.745528 0.432438 0.7459298 0.4373068 0.7458207 0.4567189 0.7216659 0.4524199 0.7459228 0.4524199 0.7704543 0.4567189 0.7459228 0.4524199 0.7710668 0.4524199 0.03871595 0.4567189 0.01381772 0.4524199 0.03867381 0.4524199 0.06268399 0.4567189 0.03867381 0.4524199 0.06268274 0.4524199 0.1103327 0.4524199 0.08660274 0.4567189 0.0866056 0.4524199 0.1339604 0.4524199 0.1103278 0.4567189 0.1103327 0.4524199 0.1574891 0.4524199 0.1339479 0.4567189 0.1339604 0.4524199 0.7459298 0.4373068 0.7696915 0.4324379 0.7705907 0.4373068 0.6976557 0.4567189 0.6737939 0.4524199 0.697684 0.4524199 0.6737774 0.4567189 0.6500235 0.4524199 0.6737939 0.4524199 0.6500158 0.4567189 0.6263238 0.4524199 0.6500235 0.4524199 0.6263242 0.4567189 0.6026679 0.4524199 0.6263238 0.4524199 0.6026709 0.4567189 0.5790427 0.4524199 0.6026679 0.4524199 0.579048 0.4567189 0.5554962 0.4524199 0.5790427 0.4524199 0.5555012 0.4567189 0.5320083 0.4524199 0.5554962 0.4524199 0.3696963 0.4524199 0.3462769 0.4567189 0.3462672 0.4524199 0.3930059 0.4524199 0.3697171 0.4567189 0.3696963 0.4524199 0.4161927 0.4524199 0.393038 0.4567189 0.3930059 0.4524199 0.8783044 0.123654 0.8420768 0.06926971 0.8909912 0.05942136 0.8783044 0.123654 0.8909912 0.05942136 0.9326786 0.08743911 0.8783044 0.123654 0.9437792 0.1332715 0.9163495 0.1752879 0.8783044 0.123654 0.9326786 0.08743911 0.9437792 0.1332715 0.8783044 0.123654 0.9163495 0.1752879 0.8646575 0.1872423 0.8783044 0.123654 0.8646575 0.1872423 0.8226121 0.1584574 0.8783044 0.123654 0.8226121 0.1584574 0.8140432 0.1109784 0.8783044 0.123654 0.8140432 0.1109784 0.8420768 0.06926971 0.8140432 0.1109784 0.7864848 0.1236391 0.793501 0.08852225 0.9437792 0.1332715 0.9482244 0.1812008 0.9163495 0.1752879 0.793501 0.08852225 0.8420768 0.06926971 0.8140432 0.1109784 0.7996242 0.3055276 0.8175293 0.3328833 0.7853591 0.339923 0.9133738 0.2083775 0.8646575 0.1872423 0.9163495 0.1752879 0.8988333 0.2548319 0.8554535 0.2662494 0.8528571 0.2559404 0.8226121 0.1584574 0.810422 0.1853244 0.7930948 0.1580151 0.8432135 0.03884899 0.8909912 0.05942136 0.8420768 0.06926971 0.8528571 0.2559404 0.8233125 0.2810198 0.8171058 0.2723225 0.8504539 0.2982372 0.7996242 0.3055276 0.8233125 0.2810198 0.8554535 0.2662494 0.8504539 0.2982372 0.8233125 0.2810198 0.7853184 0.3769894 0.8173258 0.3841295 0.7993747 0.4112929 0.8529751 0.4198427 0.8971097 0.4520897 0.8600317 0.4520429 0.8909912 0.05942136 0.8783901 0.03189682 0.9134221 0.03889906 0.8403018 0.2069348 0.8226121 0.1584574 0.8646575 0.1872423 0.9318621 0.2795228 0.904297 0.2974438 0.896814 0.2652331 0.8463709 0.01805001 0.8246831 0.02328127 0.8453816 0.01473534 0.826305 0.02633523 0.8061226 0.03570789 0.8246831 0.02328127 0.8083059 0.03837728 0.7903749 0.05146658 0.8061226 0.03570789 0.7726986 0.15573 0.7650338 0.1348059 0.7684708 0.1344632 0.7810215 0.07159554 0.7694199 0.09057593 0.7779867 0.06996464 0.7684708 0.1344632 0.7650423 0.1124625 0.7684769 0.1127991 0.3927888 0.4373068 0.3698837 0.432438 0.3932044 0.432438 0.8044083 0.2054732 0.7870512 0.1915637 0.78981 0.1894863 0.7930313 0.05365622 0.7779867 0.06996464 0.7903749 0.05146658 0.3016799 0.4421393 0.2816215 0.4373068 0.3016729 0.4373068 0.3227428 0.4373068 0.3017308 0.432438 0.3229078 0.432438 0.7684769 0.1127991 0.7694199 0.09057593 0.7727298 0.09158474 0.3016799 0.4421393 0.3227428 0.4373068 0.3227494 0.4421393 0.1574212 0.4421393 0.1810332 0.4373068 0.1810004 0.4421393 0.8892393 0.01395517 0.8673072 0.0104525 0.8895959 0.01053059 0.9302238 0.026461 0.9113612 0.01493591 0.9318488 0.02343285 0.9880667 0.1344836 0.991503 0.1125329 0.991503 0.1348139 0.9634681 0.05362522 0.9503406 0.03572195 0.9661385 0.05143243 0.9839634 0.155823 0.9785335 0.1774597 0.9754973 0.1758247 0.6499331 0.4373068 0.6263439 0.432438 0.6499763 0.432438 0.930226 0.2209038 0.911233 0.2324311 0.9102298 0.2291314 0.9838587 0.09163194 0.9785956 0.06996268 0.9871751 0.09063208 0.9755403 0.0715937 0.9661385 0.05143243 0.9785956 0.06996268 0.9634894 0.1937598 0.9503802 0.2116283 0.9481952 0.2089622 0.9880618 0.1128655 0.9871751 0.09063208 0.991503 0.1125329 0.9481952 0.2089622 0.9318517 0.2239475 0.930226 0.2209038 0.9754973 0.1758247 0.9661539 0.1959472 0.9634894 0.1937598 0.9481546 0.03838437 0.9318488 0.02343285 0.9503406 0.03572195 0.9102298 0.2291314 0.8894115 0.2367293 0.8890684 0.2333021 0.9103494 0.01821959 0.8895959 0.01053059 0.9113612 0.01493591 0.8890684 0.2333021 0.8671656 0.2367306 0.8674959 0.2333032 0.3695262 0.4373068 0.3463515 0.432438 0.3698837 0.432438 0.416308 0.4630321 0.393038 0.4567189 0.4162227 0.4567189 0.3931207 0.4630321 0.3697171 0.4567189 0.393038 0.4567189 0.4621729 0.4567189 0.439222 0.4630321 0.4391938 0.4567189 0.439222 0.4630321 0.4162227 0.4567189 0.4391938 0.4567189 0.5086261 0.4567189 0.4852959 0.4630321 0.4853253 0.4567189 0.5555012 0.4567189 0.5319992 0.4630321 0.5320146 0.4567189 0.1809468 0.4630321 0.1574658 0.4567189 0.1809682 0.4567189 0.25804 0.4630321 0.2351835 0.4567189 0.2579926 0.4567189 0.322881 0.4630321 0.3017675 0.4567189 0.3228288 0.4567189 0.346311 0.4630321 0.3228288 0.4567189 0.3462769 0.4567189 0.4853253 0.4567189 0.4621426 0.4630321 0.4621729 0.4567189 0.3016729 0.4373068 0.2815923 0.432438 0.3017308 0.432438 0.2351315 0.4630321 0.2060895 0.4567189 0.2351835 0.4567189 0.2060895 0.4567189 0.1809468 0.4630321 0.1809682 0.4567189 0.1339578 0.4630321 0.1103278 0.4567189 0.1339479 0.4567189 0.7704543 0.4567189 0.745621 0.4630321 0.7458207 0.4567189 0.08664035 0.4630321 0.06268399 0.4567189 0.08660274 0.4567189 0.03871595 0.4567189 0.01476597 0.4630321 0.01436674 0.4567189 0.2817859 0.4630321 0.2579926 0.4567189 0.2817487 0.4567189 0.06268399 0.4567189 0.03877079 0.4630321 0.03871595 0.4567189 0.1103549 0.4630321 0.08660274 0.4567189 0.1103278 0.4567189 0.1574556 0.4630321 0.1339479 0.4567189 0.1574658 0.4567189 0.7458207 0.4567189 0.721516 0.4630321 0.7216199 0.4567189 0.7216199 0.4567189 0.6975905 0.4630321 0.6976557 0.4567189 0.6976557 0.4567189 0.6737308 0.4630321 0.6737774 0.4567189 0.6737774 0.4567189 0.6499851 0.4630321 0.6500158 0.4567189 0.6500158 0.4567189 0.6263085 0.4630321 0.6263242 0.4567189 0.6263242 0.4567189 0.6026592 0.4630321 0.6026709 0.4567189 0.6026709 0.4567189 0.5790367 0.4630321 0.579048 0.4567189 0.579048 0.4567189 0.5554878 0.4630321 0.5555012 0.4567189 0.3697773 0.4630321 0.3462769 0.4567189 0.3697171 0.4567189 0.5320146 0.4567189 0.5086044 0.4630321 0.5086261 0.4567189 0.5218988 0.4060109 0.5323448 0.432438 0.5090351 0.432438 0.09992939 0.4060109 0.08592945 0.432438 0.07634878 0.4060109 0.4752845 0.4060109 0.4857363 0.432438 0.4626066 0.432438 0.1470506 0.4060109 0.133376 0.432438 0.12349 0.4060109 0.4288113 0.4060109 0.4395136 0.432438 0.4164644 0.432438 0.3822159 0.4060109 0.3698837 0.432438 0.3587868 0.4060109 0.3822159 0.4060109 0.3932044 0.432438 0.3698837 0.432438 0.2473067 0.4060109 0.2350506 0.432438 0.2210885 0.4060109 0.3353579 0.4060109 0.3463515 0.432438 0.3229078 0.432438 0.8783098 0.2153268 0.8449421 0.2285244 0.8403018 0.2069348 0.292277 0.4060109 0.3017308 0.432438 0.2815923 0.432438 0.3353579 0.4060109 0.3229078 0.432438 0.3138174 0.4060109 0.2473067 0.4060109 0.2578349 0.432438 0.2350506 0.432438 0.1948702 0.4060109 0.2058779 0.432438 0.1806502 0.432438 0.9481952 0.2089622 0.9133738 0.2083775 0.9482244 0.1812008 0.1470506 0.4060109 0.1569543 0.432438 0.133376 0.432438 0.7555367 0.4060109 0.7696915 0.4324379 0.745528 0.432438 0.4288113 0.4060109 0.4164644 0.432438 0.4055136 0.4060109 0.5686318 0.4060109 0.5557958 0.432438 0.5452653 0.4060109 0.9754973 0.1758247 0.9482244 0.1812008 0.9664959 0.1505108 0.09992939 0.4060109 0.1096664 0.432438 0.08592945 0.432438 0.7090326 0.4060109 0.7214267 0.432438 0.6975114 0.432438 0.4752845 0.4060109 0.4626066 0.432438 0.452048 0.4060109 0.6154296 0.4060109 0.6027979 0.432438 0.5920307 0.4060109 0.05276811 0.4060109 0.0620101 0.432438 0.03811216 0.432438 0.6622335 0.4060109 0.6736572 0.432438 0.6499763 0.432438 0.5218988 0.4060109 0.5090351 0.432438 0.4985917 0.4060109 0.7090326 0.4060109 0.6975114 0.432438 0.6856331 0.4060109 0.6154296 0.4060109 0.6263439 0.432438 0.6027979 0.432438 0.7555367 0.4060109 0.745528 0.432438 0.7322847 0.4060109 0.5686318 0.4060109 0.5792367 0.432438 0.5557958 0.432438 0.05276811 0.4060109 0.03811216 0.432438 0.02935487 0.4060109 0.8256189 0.4377435 0.8579484 0.4624778 0.8196601 0.4466127 0.9826129 0.3382271 0.9581194 0.3059577 0.9670016 0.3000612 0.8600317 0.4520429 0.89915 0.4624846 0.8579484 0.4624778 0.9318621 0.2795228 0.8988333 0.2548319 0.9377983 0.2706678 0.9630659 0.08851975 0.9437792 0.1332715 0.9326786 0.08743911 0.9042779 0.4200592 0.9578763 0.4117807 0.9314215 0.4380317 0.9163495 0.1752879 0.9482244 0.1812008 0.9133738 0.2083775 0.9372948 0.4469048 0.9578763 0.4117807 0.9667478 0.4177404 0.972175 0.3773599 0.9826129 0.3382271 0.9826129 0.3794422 0.9880667 0.1344836 0.9664959 0.1505108 0.9700962 0.1236801 0.89915 0.4624846 0.9314215 0.4380317 0.9372948 0.4469048 0.7905035 0.4171646 0.8256189 0.4377435 0.8196601 0.4466127 0.7853591 0.339923 0.7749271 0.37903 0.7749289 0.3378441 0.7996242 0.3055276 0.7749289 0.3378441 0.7907655 0.2995836 0.7749271 0.37903 0.7993747 0.4112929 0.7905035 0.4171646 0.9578763 0.4117807 0.9826129 0.3794422 0.9667478 0.4177404 0.8787611 0.3586385 0.8173258 0.3841295 0.8175293 0.3328833 0.8787611 0.3586385 0.8175293 0.3328833 0.8504539 0.2982372 0.8787611 0.3586385 0.904297 0.2974438 0.9401879 0.3331392 0.8787611 0.3586385 0.8504539 0.2982372 0.904297 0.2974438 0.8787611 0.3586385 0.9399828 0.3843934 0.9042779 0.4200592 0.8787611 0.3586385 0.9401879 0.3331392 0.9399828 0.3843934 0.8787611 0.3586385 0.9042779 0.4200592 0.8529751 0.4198427 0.8787611 0.3586385 0.8529751 0.4198427 0.8173258 0.3841295 0.1574385 0.4373068 0.1806502 0.432438 0.1810332 0.4373068 0.4159767 0.4373068 0.3932044 0.432438 0.4164644 0.432438 0.2061536 0.4421393 0.1810332 0.4373068 0.2061818 0.4373068 0.1810332 0.4373068 0.2058779 0.432438 0.2061818 0.4373068 0.2060901 0.4524199 0.1809682 0.4567189 0.1809684 0.4524199 0.74592 0.4421393 0.7705907 0.4373068 0.7710804 0.4421393 0.7216199 0.4567189 0.697684 0.4524199 0.7216659 0.4524199 0.03854608 0.4421393 0.06257402 0.4373068 0.0625739 0.4421393 0.5318659 0.4373068 0.5090351 0.432438 0.5323448 0.432438 0.6976414 0.4421393 0.6737172 0.4373068 0.6976637 0.4373068 0.6025503 0.4373068 0.5792367 0.432438 0.6027979 0.432438 0.1338831 0.4421393 0.1574385 0.4373068 0.1574212 0.4421393 0.6737172 0.4373068 0.6975114 0.432438 0.6976637 0.4373068 0.0143156 0.4373068 0.03811216 0.432438 0.03858864 0.4373068 0.5084989 0.4373068 0.4857363 0.432438 0.5090351 0.432438 0.5553829 0.4421393 0.5318659 0.4373068 0.5553695 0.4373068 0.6262094 0.4373068 0.6027979 0.432438 0.6263439 0.432438 0.6025596 0.4421393 0.6262094 0.4373068 0.6262187 0.4421393 0.9437792 0.1332715 0.9700962 0.1236801 0.9664959 0.1505108 0.3695433 0.4421393 0.3927888 0.4373068 0.3928202 0.4421393 0.8208567 0.2177755 0.8439009 0.2318115 0.8190878 0.2207102 0.6262187 0.4421393 0.6499331 0.4373068 0.649936 0.4421393 0.2351835 0.4567189 0.2060901 0.4524199 0.2352461 0.4524199 0.5085123 0.4421393 0.48519 0.4373068 0.5084989 0.4373068 0.5553695 0.4373068 0.5323448 0.432438 0.5557958 0.432438 0.4852092 0.4421393 0.4620494 0.4373068 0.48519 0.4373068 0.4389952 0.4373068 0.4164644 0.432438 0.4395136 0.432438 0.6976414 0.4421393 0.7216871 0.4373068 0.7216537 0.4421393 0.6499331 0.4373068 0.6736572 0.432438 0.6737172 0.4373068 0.5553829 0.4421393 0.5789042 0.4373068 0.5789225 0.4421393 0.2061818 0.4373068 0.2350506 0.432438 0.2352921 0.4373068 0.8674959 0.2333032 0.8439009 0.2318115 0.8449421 0.2285244 0.6976637 0.4373068 0.7214267 0.432438 0.7216871 0.4373068 0.74592 0.4421393 0.7216871 0.4373068 0.7459298 0.4373068 0.1809684 0.4524199 0.1574658 0.4567189 0.1574891 0.4524199 0.3928202 0.4421393 0.4159767 0.4373068 0.4160036 0.4421393 0.1338992 0.4373068 0.1569543 0.432438 0.1574385 0.4373068 0.4160036 0.4421393 0.4389952 0.4373068 0.4390231 0.4421393 0.4620494 0.4373068 0.4395136 0.432438 0.4626066 0.432438 0.5789225 0.4421393 0.6025503 0.4373068 0.6025596 0.4421393 0.48519 0.4373068 0.4626066 0.432438 0.4857363 0.432438 0.03854608 0.4421393 0.0143156 0.4373068 0.03858864 0.4373068 0.06257402 0.4373068 0.08592945 0.432438 0.08649706 0.4373068 0.4390231 0.4421393 0.4620494 0.4373068 0.4620636 0.4421393 0.03858864 0.4373068 0.0620101 0.432438 0.06257402 0.4373068 0.0625739 0.4421393 0.08649706 0.4373068 0.08648949 0.4421393 0.1102342 0.4373068 0.133376 0.432438 0.1338992 0.4373068 0.5318865 0.4421393 0.5084989 0.4373068 0.5318659 0.4373068 0.2579678 0.4524199 0.2351835 0.4567189 0.2352461 0.4524199 0.08648949 0.4421393 0.1102342 0.4373068 0.110228 0.4421393 0.3017361 0.4524199 0.2817487 0.4567189 0.2817532 0.4524199 0.3695433 0.4421393 0.3461072 0.4373068 0.3695262 0.4373068 0.8676258 0.01389008 0.8453816 0.01473534 0.8673072 0.0104525 0.110228 0.4421393 0.1338992 0.4373068 0.1338831 0.4421393 0.9839634 0.155823 0.991503 0.1348139 0.9872956 0.1567529 0.3227946 0.4524199 0.3017675 0.4567189 0.3017361 0.4524199 0.7800283 0.1738516 0.7693906 0.1567406 0.7726986 0.15573 0.2579343 0.4373068 0.2815923 0.432438 0.2816215 0.4373068 0.78981 0.1894863 0.7769527 0.175436 0.7800283 0.1738516 0.2352921 0.4373068 0.2578349 0.432438 0.2579343 0.4373068 0.3461072 0.4373068 0.3229078 0.432438 0.3463515 0.432438 0.3227494 0.4421393 0.3461072 0.4373068 0.3461281 0.4421393 0.8208567 0.2177755 0.802109 0.2080382 0.8044083 0.2054732 0.2816354 0.4421393 0.2579343 0.4373068 0.2816215 0.4373068 0.697684 0.4524199 0.7216537 0.4421393 0.7216659 0.4524199 0.7216537 0.4421393 0.7459228 0.4524199 0.7216659 0.4524199 0.3930059 0.4524199 0.4160036 0.4421393 0.4161927 0.4524199 0.5320083 0.4524199 0.5553829 0.4421393 0.5554962 0.4524199 0.3695433 0.4421393 0.3930059 0.4524199 0.3696963 0.4524199 0.1574891 0.4524199 0.1810004 0.4421393 0.1809684 0.4524199 0.5790427 0.4524199 0.6025596 0.4421393 0.6026679 0.4524199 0.2579678 0.4524199 0.2816354 0.4421393 0.2817532 0.4524199 0.2353035 0.4421393 0.2579678 0.4524199 0.2352461 0.4524199 0.3016799 0.4421393 0.3227946 0.4524199 0.3017361 0.4524199 0.4853221 0.4524199 0.5085123 0.4421393 0.5086221 0.4524199 0.3227946 0.4524199 0.3461281 0.4421393 0.3462672 0.4524199 0.2060901 0.4524199 0.2353035 0.4421393 0.2352461 0.4524199 0.1810004 0.4421393 0.2060901 0.4524199 0.1809684 0.4524199 0.6500235 0.4524199 0.6737152 0.4421393 0.6737939 0.4524199 0.5553829 0.4421393 0.5790427 0.4524199 0.5554962 0.4524199 0.6737939 0.4524199 0.6976414 0.4421393 0.697684 0.4524199 0.6025596 0.4421393 0.6263238 0.4524199 0.6026679 0.4524199 0.3018286 0.4630321 0.2817487 0.4567189 0.3017675 0.4567189 0.01381772 0.4524199 0.03854608 0.4421393 0.03867381 0.4524199 0.03854608 0.4421393 0.06268274 0.4524199 0.03867381 0.4524199 0.4621669 0.4524199 0.4852092 0.4421393 0.4853221 0.4524199 0.1338831 0.4421393 0.1574891 0.4524199 0.1339604 0.4524199 0.4160036 0.4421393 0.4391756 0.4524199 0.4161927 0.4524199 0.08648949 0.4421393 0.1103327 0.4524199 0.0866056 0.4524199 0.5085123 0.4421393 0.5320083 0.4524199 0.5086221 0.4524199 0.0625739 0.4421393 0.0866056 0.4524199 0.06268274 0.4524199 0.3462672 0.4524199 0.3695433 0.4421393 0.3696963 0.4524199 0.110228 0.4421393 0.1339604 0.4524199 0.1103327 0.4524199 0.4390231 0.4421393 0.4621669 0.4524199 0.4391756 0.4524199 0.6262187 0.4421393 0.6500235 0.4524199 0.6263238 0.4524199 0.74592 0.4421393 0.7710668 0.4524199 0.7459228 0.4524199 0.8233125 0.2810198 0.7907655 0.2995836 0.8171058 0.2723225 0.9399828 0.3843934 0.972213 0.340273 0.972175 0.3773599 0.8226121 0.1584574 0.7864848 0.1236391 0.8140432 0.1109784 0.8175293 0.3328833 0.7853184 0.3769894 0.7853591 0.339923 0.7993747 0.4112929 0.8529751 0.4198427 0.8256189 0.4377435 0.8420768 0.06926971 0.813349 0.05874174 0.8432135 0.03884899 0.9581194 0.3059577 0.9377983 0.2706678 0.9670016 0.3000612 0.8256189 0.4377435 0.8529751 0.4198427 0.8600317 0.4520429 0.896814 0.2652331 0.8504539 0.2982372 0.8554535 0.2662494 0.8646575 0.1872423 0.8783098 0.2153268 0.8403018 0.2069348 0.9134221 0.03889906 0.9326786 0.08743911 0.8909912 0.05942136 0.9326786 0.08743911 0.9431292 0.05873376 0.9630659 0.08851975 0.9578763 0.4117807 0.9399828 0.3843934 0.972175 0.3773599 0.8971097 0.4520897 0.9042779 0.4200592 0.9314215 0.4380317 0.972213 0.340273 0.9401879 0.3331392 0.9581194 0.3059577 0.9401879 0.3331392 0.9318621 0.2795228 0.9581194 0.3059577 0.04007309 0.501465 0.07058823 0.4720594 0.07058823 0.501465 0.9618821 0.4720594 0.9923503 0.501465 0.9618821 0.501465 0.6474844 0.4720594 0.6782863 0.501465 0.6474843 0.5014649 0.2852528 0.501465 0.3160329 0.4720594 0.3160328 0.5014649 0.2852528 0.991208 0.3160329 0.9818452 0.3160329 0.991208 0.5318428 0.9818453 0.5626863 0.991208 0.5318428 0.991208 0.3160329 0.991208 0.3468313 0.9818453 0.3468313 0.991208 0.07058823 0.501465 0.1011477 0.4720594 0.1011477 0.501465 0.7781922 0.4720594 0.8088964 0.5014649 0.7781924 0.501465 0.5686287 0.4060047 0.5686318 0.02143126 0.5920285 0.4060041 0.4288113 0.02143126 0.4752845 0.004611492 0.4752845 0.02143126 0.005941569 0.02143126 0.05276811 0.004611492 0.05276811 0.02143126 0.1011477 0.991208 0.131748 0.9818452 0.131748 0.991208 0.4393085 0.991208 0.4701514 0.9818452 0.4701514 0.991208 0.2544954 0.501465 0.2852528 0.4720594 0.2852528 0.501465 0.8088966 0.9818453 0.8395688 0.991208 0.8088965 0.991208 0.8088965 0.4720594 0.8395687 0.501465 0.8088964 0.5014649 0.4084722 0.5014649 0.4393085 0.4720594 0.4393086 0.501465 0.1623861 0.5014651 0.1930587 0.4720594 0.1930587 0.501465 0.3776458 0.501465 0.4084723 0.4720594 0.4084722 0.5014649 0.2237625 0.5014649 0.2544954 0.4720594 0.2544954 0.501465 0.07058823 0.991208 0.1011477 0.9818454 0.1011477 0.991208 0.9008074 0.9818453 0.9313669 0.991208 0.9008074 0.991208 0.2544954 0.991208 0.2852528 0.9818452 0.2852528 0.991208 0.5218989 0.02143126 0.5686318 0.004611492 0.5686318 0.02143126 0.428814 0.4059957 0.4288113 0.02143126 0.4520477 0.4059955 0.5218959 0.4060126 0.5218989 0.02143126 0.5452623 0.4060086 0.09993052 0.4059913 0.09992939 0.02143126 0.1234843 0.4059942 0.1470381 0.4059973 0.1470505 0.02143126 0.1709541 0.4060041 0.2473068 0.4060109 0.2473067 0.02143126 0.2697919 0.4060108 0.2922769 0.4060108 0.292277 0.02143126 0.3137724 0.4059897 0.335268 0.4059686 0.3353579 0.02143126 0.3587448 0.4059888 0.3822216 0.406009 0.3822159 0.02143126 0.4055178 0.4060024 0.3822159 0.02143126 0.4288113 0.004611492 0.4288113 0.02143126 0.662234 0.4060103 0.6622335 0.02143126 0.6856351 0.4060095 0.5318428 0.4720594 0.5626863 0.501465 0.5318428 0.501465 0.4084723 0.991208 0.4393086 0.9818453 0.4393085 0.991208 0.1930587 0.501465 0.2237626 0.4720594 0.2237625 0.5014649 0.009605228 0.4720594 0.04007309 0.501465 0.009605169 0.501465 0.8702065 0.9818452 0.9008074 0.991208 0.8702066 0.991208 0.3160328 0.5014649 0.3468313 0.4720594 0.3468313 0.5014649 0.9313668 0.9818452 0.9618821 0.991208 0.9313669 0.991208 0.7781922 0.991208 0.8088966 0.9818453 0.8088965 0.991208 0.1930587 0.991208 0.2237625 0.9818452 0.2237626 0.991208 0.8702066 0.4720594 0.9008072 0.5014649 0.8702068 0.501465 0.5626863 0.991208 0.5935223 0.9818453 0.5935223 0.991208 0.7076418 0.4720594 0.74533 0.5014651 0.7076419 0.5014651 0.4701513 0.5014649 0.5009968 0.4720594 0.5009967 0.501465 0.5935223 0.501465 0.6212614 0.4720594 0.6212614 0.5014651 0.6212614 0.4720594 0.6474843 0.5014649 0.6212614 0.5014651 0.3468313 0.5014649 0.3776458 0.4720594 0.3776458 0.501465 0.2237626 0.991208 0.2544954 0.9818452 0.2544954 0.991208 0.5626863 0.4720594 0.5935223 0.501465 0.5626863 0.501465 0.6154296 0.02143126 0.6622335 0.004611492 0.6622335 0.02143126 0.292277 0.004611492 0.3353579 0.02143126 0.292277 0.02143126 0.2473067 0.02143126 0.292277 0.004611492 0.292277 0.02143126 0.7090363 0.4060088 0.7090325 0.02143126 0.7328451 0.4060119 0.6622335 0.004611492 0.7090325 0.02143126 0.6622335 0.02143126 0.2817532 0.4524199 0.3016799 0.4421393 0.3017361 0.4524199 0.004817724 0.4060103 0.005941569 0.02143126 0.02878975 0.4060082 0.05276173 0.4060061 0.05276811 0.02143126 0.07634615 0.4059987 0.3353579 0.004611492 0.3822159 0.02143126 0.3353579 0.02143126 0.9313669 0.4720594 0.9618821 0.501465 0.9313668 0.5014649 0.6474844 0.9818452 0.6782863 0.991208 0.6474844 0.991208 0.5009967 0.9818452 0.5318428 0.991208 0.5009968 0.991208 0.3776458 0.991208 0.4084723 0.9818453 0.4084723 0.991208 0.74533 0.5014651 0.7781922 0.4720594 0.7781924 0.501465 0.04007309 0.991208 0.07058823 0.9818453 0.07058823 0.991208 0.6782863 0.501465 0.7076418 0.4720594 0.7076419 0.5014651 0.009605228 0.991208 0.04007309 0.9818453 0.04007309 0.991208 0.8395688 0.4720594 0.8702068 0.501465 0.8395687 0.501465 0.131748 0.991208 0.1623861 0.9818453 0.1623861 0.991208 0.131748 0.5014651 0.1623861 0.4720594 0.1623861 0.5014651 0.961882 0.9818453 0.9923503 0.991208 0.9618821 0.991208 0.7076418 0.9818453 0.7453299 0.991208 0.7076418 0.991208 0.4393086 0.501465 0.4701514 0.4720594 0.4701513 0.5014649 0.7453299 0.991208 0.7781923 0.9818453 0.7781922 0.991208 0.4752845 0.02143126 0.5218988 0.004611492 0.5218989 0.02143126 0.4752812 0.4059953 0.4752845 0.02143126 0.4985886 0.406004 0.1948702 0.02143126 0.2473067 0.004611492 0.2473067 0.02143126 0.7090325 0.02143126 0.7555367 0.004611492 0.7555367 0.02143126 0.09992939 0.004611492 0.1470505 0.02143126 0.09992939 0.02143126 0.1948702 0.4060108 0.1948702 0.02143126 0.2210885 0.4060109 0.1470506 0.004611492 0.1948702 0.02143126 0.1470505 0.02143126 0.05276811 0.02143126 0.09992939 0.004611492 0.09992939 0.02143126 0.6154283 0.4060035 0.6154296 0.02143126 0.6388311 0.4060069 0.5686318 0.004611492 0.6154296 0.02143126 0.5686318 0.02143126 0.5009968 0.4720594 0.5318428 0.501465 0.5009967 0.501465 0.5935223 0.991208 0.6212614 0.9818452 0.6212614 0.991208 0.6782863 0.991208 0.7076418 0.9818453 0.7076418 0.991208 0.1623861 0.991208 0.1930587 0.9818453 0.1930587 0.991208 0.9008074 0.4720594 0.9313668 0.5014649 0.9008072 0.5014649 0.8395687 0.9818452 0.8702066 0.991208 0.8395688 0.991208 0.3468313 0.991208 0.3776458 0.9818452 0.3776458 0.991208 0.1011477 0.501465 0.131748 0.4720594 0.131748 0.5014651 0.4701514 0.991208 0.5009967 0.9818452 0.5009968 0.991208 0.9664959 0.1505108 0.9839634 0.155823 0.9754973 0.1758247 0.6212614 0.9818452 0.6474844 0.991208 0.6212614 0.991208 0.7781924 0.501465 0.8088966 0.9818453 0.7781923 0.9818453 0.3468313 0.9818453 0.3776458 0.501465 0.3776458 0.9818452 0.3160329 0.9818452 0.3468313 0.5014649 0.3468313 0.9818453 0.5626863 0.9818452 0.5935223 0.501465 0.5935223 0.9818453 0.8395687 0.501465 0.8702065 0.9818452 0.8395687 0.9818452 0.04007309 0.9818453 0.07058823 0.501465 0.07058823 0.9818453 0.5318428 0.501465 0.5626863 0.9818452 0.5318428 0.9818453 0.4084723 0.9818453 0.4393086 0.501465 0.4393086 0.9818453 0.2852528 0.9818452 0.3160328 0.5014649 0.3160329 0.9818452 0.07058823 0.9818453 0.1011477 0.501465 0.1011477 0.9818454 0.2237625 0.9818452 0.2544954 0.501465 0.2544954 0.9818452 0.5009967 0.501465 0.5318428 0.9818453 0.5009967 0.9818452 0.1930587 0.9818453 0.2237625 0.5014649 0.2237625 0.9818452 0.4393086 0.9818453 0.4701513 0.5014649 0.4701514 0.9818452 0.131748 0.9818452 0.1623861 0.5014651 0.1623861 0.9818453 0.9008072 0.5014649 0.9313668 0.9818452 0.9008074 0.9818453 0.8702068 0.501465 0.9008074 0.9818453 0.8702065 0.9818452 0.1011477 0.9818454 0.131748 0.5014651 0.131748 0.9818452 0.2544954 0.9818452 0.2852528 0.501465 0.2852528 0.9818452 0.9618821 0.501465 0.9923503 0.9818453 0.961882 0.9818453 0.009605169 0.501465 0.04007309 0.9818453 0.009605228 0.9818452 0.1623861 0.9818453 0.1930587 0.501465 0.1930587 0.9818453 0.6782863 0.9818453 0.7076419 0.5014651 0.7076418 0.9818453 0.7453299 0.9818453 0.7781924 0.501465 0.7781923 0.9818453 0.4701514 0.9818452 0.5009967 0.501465 0.5009967 0.9818452 0.6474843 0.5014649 0.6782863 0.9818453 0.6474844 0.9818452 0.9313668 0.5014649 0.961882 0.9818453 0.9313668 0.9818452 0.6212614 0.5014651 0.6474844 0.9818452 0.6212614 0.9818452 0.5935223 0.9818453 0.6212614 0.5014651 0.6212614 0.9818452 0.7076419 0.5014651 0.7453299 0.9818453 0.7076418 0.9818453 0.8088964 0.5014649 0.8395687 0.9818452 0.8088966 0.9818453 0.3776458 0.9818452 0.4084722 0.5014649 0.4084723 0.9818453 0.6388311 0.4060069 0.6622335 0.02143126 0.662234 0.4060103 0.6154296 0.02143126 0.6622335 0.02143126 0.6388311 0.4060069 0.2210885 0.4060109 0.2473067 0.02143126 0.2473068 0.4060109 0.1948702 0.02143126 0.2473067 0.02143126 0.2210885 0.4060109 0.4985886 0.406004 0.5218989 0.02143126 0.5218959 0.4060126 0.4752845 0.02143126 0.5218989 0.02143126 0.4985886 0.406004 0.07634615 0.4059987 0.09992939 0.02143126 0.09993052 0.4059913 0.05276811 0.02143126 0.09992939 0.02143126 0.07634615 0.4059987 0.02878975 0.4060082 0.05276811 0.02143126 0.05276173 0.4060061 0.005941569 0.02143126 0.05276811 0.02143126 0.02878975 0.4060082 0.7328451 0.4060119 0.7555367 0.02143126 0.7566539 0.4060149 0.7090325 0.02143126 0.7555367 0.02143126 0.7328451 0.4060119 0.6856351 0.4060095 0.7090325 0.02143126 0.7090363 0.4060088 0.6622335 0.02143126 0.7090325 0.02143126 0.6856351 0.4060095 0.4055178 0.4060024 0.4288113 0.02143126 0.428814 0.4059957 0.3822159 0.02143126 0.4288113 0.02143126 0.4055178 0.4060024 0.3587448 0.4059888 0.3822159 0.02143126 0.3822216 0.406009 0.3353579 0.02143126 0.3822159 0.02143126 0.3587448 0.4059888 0.3137724 0.4059897 0.3353579 0.02143126 0.335268 0.4059686 0.292277 0.02143126 0.3353579 0.02143126 0.3137724 0.4059897 0.2697919 0.4060108 0.292277 0.02143126 0.2922769 0.4060108 0.2473067 0.02143126 0.292277 0.02143126 0.2697919 0.4060108 0.1709541 0.4060041 0.1948702 0.02143126 0.1948702 0.4060108 0.1470505 0.02143126 0.1948702 0.02143126 0.1709541 0.4060041 0.1234843 0.4059942 0.1470505 0.02143126 0.1470381 0.4059973 0.09992939 0.02143126 0.1470505 0.02143126 0.1234843 0.4059942 0.5452623 0.4060086 0.5686318 0.02143126 0.5686287 0.4060047 0.5218989 0.02143126 0.5686318 0.02143126 0.5452623 0.4060086 0.4520477 0.4059955 0.4752845 0.02143126 0.4752812 0.4059953 0.4288113 0.02143126 0.4752845 0.02143126 0.4520477 0.4059955 0.5920285 0.4060041 0.6154296 0.02143126 0.6154283 0.4060035 0.5686318 0.02143126 0.6154296 0.02143126 0.5920285 0.4060041 0.01426386 0.432438 0.005941569 0.4060109 0.02935487 0.4060109 0.03811216 0.432438 0.01426386 0.432438 0.02935487 0.4060109 0.7214267 0.432438 0.7090326 0.4060109 0.7322847 0.4060109 0.745528 0.432438 0.7214267 0.432438 0.7322847 0.4060109 0.6736572 0.432438 0.6622335 0.4060109 0.6856331 0.4060109 0.6975114 0.432438 0.6736572 0.432438 0.6856331 0.4060109 0.4857363 0.432438 0.4752845 0.4060109 0.4985917 0.4060109 0.5090351 0.432438 0.4857363 0.432438 0.4985917 0.4060109 0.5792367 0.432438 0.5686318 0.4060109 0.5920307 0.4060109 0.6027979 0.432438 0.5792367 0.432438 0.5920307 0.4060109 0.4395136 0.432438 0.4288113 0.4060109 0.452048 0.4060109 0.4626066 0.432438 0.4395136 0.432438 0.452048 0.4060109 0.5323448 0.432438 0.5218988 0.4060109 0.5452653 0.4060109 0.5557958 0.432438 0.5323448 0.432438 0.5452653 0.4060109 0.3932044 0.432438 0.3822159 0.4060109 0.4055136 0.4060109 0.4164644 0.432438 0.3932044 0.432438 0.4055136 0.4060109 0.3017308 0.432438 0.292277 0.4060109 0.3138174 0.4060109 0.3229078 0.432438 0.3017308 0.432438 0.3138174 0.4060109 0.2058779 0.432438 0.1948702 0.4060109 0.2210885 0.4060109 0.2350506 0.432438 0.2058779 0.432438 0.2210885 0.4060109 0.3463515 0.432438 0.3353579 0.4060109 0.3587868 0.4060109 0.3698837 0.432438 0.3463515 0.432438 0.3587868 0.4060109 0.1096664 0.432438 0.09992939 0.4060109 0.12349 0.4060109 0.133376 0.432438 0.1096664 0.432438 0.12349 0.4060109 0.0620101 0.432438 0.05276811 0.4060109 0.07634878 0.4060109 0.08592945 0.432438 0.0620101 0.432438 0.07634878 0.4060109 0.1569543 0.432438 0.1470506 0.4060109 0.1709604 0.4060109 0.1806502 0.432438 0.1569543 0.432438 0.1709604 0.4060109 0.2578349 0.432438 0.2473067 0.4060109 0.2697919 0.4060109 0.2815923 0.432438 0.2578349 0.432438 0.2697919 0.4060109 0.6263439 0.432438 0.6154296 0.4060109 0.6388316 0.4060109 0.6499763 0.432438 0.6263439 0.432438 0.6388316 0.4060109 0.8083059 0.03837728 0.826305 0.02633523 0.8432135 0.03884899 0.9630659 0.08851975 0.9838587 0.09163194 0.9880618 0.1128655 0.9133738 0.2083775 0.9102298 0.2291314 0.8890684 0.2333021 0.9302238 0.026461 0.9481546 0.03838437 0.9431292 0.05873376 0.7810215 0.07159554 0.7930313 0.05365622 0.813349 0.05874174 0.78981 0.1894863 0.7800283 0.1738516 0.7930948 0.1580151 0.7864848 0.1236391 0.7684769 0.1127991 0.7727298 0.09158474 0.8208567 0.2177755 0.8044083 0.2054732 0.810422 0.1853244 0.9634681 0.05362522 0.9755403 0.0715937 0.9630659 0.08851975 0.7930948 0.1580151 0.7726986 0.15573 0.7684708 0.1344632 0.8432135 0.03884899 0.8463709 0.01805001 0.8676258 0.01389008 0.8783901 0.03189682 0.8892393 0.01395517 0.9103494 0.01821959 0.4391756 0.4524199 0.4391938 0.4567189 0.4162227 0.4567189 0.5789042 0.4373068 0.5553695 0.4373068 0.5557958 0.432438 0.4621729 0.4567189 0.4391938 0.4567189 0.4391756 0.4524199 0.4853253 0.4567189 0.4621729 0.4567189 0.4621669 0.4524199 0.5086261 0.4567189 0.4853253 0.4567189 0.4853221 0.4524199 0.5320146 0.4567189 0.5086261 0.4567189 0.5086221 0.4524199 0.0866056 0.4524199 0.08660274 0.4567189 0.06268399 0.4567189 0.649936 0.4421393 0.6499331 0.4373068 0.6737172 0.4373068 0.2579355 0.4421393 0.2353035 0.4421393 0.2352921 0.4373068 0.3462672 0.4524199 0.3462769 0.4567189 0.3228288 0.4567189 0.2817532 0.4524199 0.2817487 0.4567189 0.2579926 0.4567189 0.08649706 0.4373068 0.08592945 0.432438 0.1096664 0.432438 0.2061536 0.4421393 0.2061818 0.4373068 0.2352921 0.4373068 0.7216871 0.4373068 0.7214267 0.432438 0.745528 0.432438 0.7458207 0.4567189 0.7216199 0.4567189 0.7216659 0.4524199 0.7704543 0.4567189 0.7458207 0.4567189 0.7459228 0.4524199 0.03871595 0.4567189 0.01436674 0.4567189 0.01381772 0.4524199 0.06268399 0.4567189 0.03871595 0.4567189 0.03867381 0.4524199 0.1103327 0.4524199 0.1103278 0.4567189 0.08660274 0.4567189 0.1339604 0.4524199 0.1339479 0.4567189 0.1103278 0.4567189 0.1574891 0.4524199 0.1574658 0.4567189 0.1339479 0.4567189 0.7459298 0.4373068 0.745528 0.432438 0.7696915 0.4324379 0.6976557 0.4567189 0.6737774 0.4567189 0.6737939 0.4524199 0.6737774 0.4567189 0.6500158 0.4567189 0.6500235 0.4524199 0.6500158 0.4567189 0.6263242 0.4567189 0.6263238 0.4524199 0.6263242 0.4567189 0.6026709 0.4567189 0.6026679 0.4524199 0.6026709 0.4567189 0.579048 0.4567189 0.5790427 0.4524199 0.579048 0.4567189 0.5555012 0.4567189 0.5554962 0.4524199 0.5555012 0.4567189 0.5320146 0.4567189 0.5320083 0.4524199 0.3696963 0.4524199 0.3697171 0.4567189 0.3462769 0.4567189 0.3930059 0.4524199 0.393038 0.4567189 0.3697171 0.4567189 0.4161927 0.4524199 0.4162227 0.4567189 0.393038 0.4567189 0.9437792 0.1332715 0.9664959 0.1505108 0.9482244 0.1812008 0.793501 0.08852225 0.813349 0.05874174 0.8420768 0.06926971 0.9133738 0.2083775 0.8783098 0.2153268 0.8646575 0.1872423 0.8988333 0.2548319 0.896814 0.2652331 0.8554535 0.2662494 0.8432135 0.03884899 0.8783901 0.03189682 0.8909912 0.05942136 0.8528571 0.2559404 0.8554535 0.2662494 0.8233125 0.2810198 0.8504539 0.2982372 0.8175293 0.3328833 0.7996242 0.3055276 0.8529751 0.4198427 0.9042779 0.4200592 0.8971097 0.4520897 0.8403018 0.2069348 0.810422 0.1853244 0.8226121 0.1584574 0.8463709 0.01805001 0.826305 0.02633523 0.8246831 0.02328127 0.826305 0.02633523 0.8083059 0.03837728 0.8061226 0.03570789 0.8083059 0.03837728 0.7930313 0.05365622 0.7903749 0.05146658 0.7726986 0.15573 0.7693906 0.1567406 0.7650338 0.1348059 0.7810215 0.07159554 0.7727298 0.09158474 0.7694199 0.09057593 0.7684708 0.1344632 0.7650338 0.1348059 0.7650423 0.1124625 0.3927888 0.4373068 0.3695262 0.4373068 0.3698837 0.432438 0.8044083 0.2054732 0.802109 0.2080382 0.7870512 0.1915637 0.7930313 0.05365622 0.7810215 0.07159554 0.7779867 0.06996464 0.3016799 0.4421393 0.2816354 0.4421393 0.2816215 0.4373068 0.3227428 0.4373068 0.3016729 0.4373068 0.3017308 0.432438 0.7684769 0.1127991 0.7650423 0.1124625 0.7694199 0.09057593 0.3016799 0.4421393 0.3016729 0.4373068 0.3227428 0.4373068 0.1574212 0.4421393 0.1574385 0.4373068 0.1810332 0.4373068 0.8892393 0.01395517 0.8676258 0.01389008 0.8673072 0.0104525 0.9302238 0.026461 0.9103494 0.01821959 0.9113612 0.01493591 0.9880667 0.1344836 0.9880618 0.1128655 0.991503 0.1125329 0.9634681 0.05362522 0.9481546 0.03838437 0.9503406 0.03572195 0.9839634 0.155823 0.9872477 0.1569039 0.9785335 0.1774597 0.6499331 0.4373068 0.6262094 0.4373068 0.6263439 0.432438 0.930226 0.2209038 0.9318517 0.2239475 0.911233 0.2324311 0.9838587 0.09163194 0.9755403 0.0715937 0.9785956 0.06996268 0.9755403 0.0715937 0.9634681 0.05362522 0.9661385 0.05143243 0.9634894 0.1937598 0.9661539 0.1959472 0.9503802 0.2116283 0.9880618 0.1128655 0.9838587 0.09163194 0.9871751 0.09063208 0.9481952 0.2089622 0.9503802 0.2116283 0.9318517 0.2239475 0.9754973 0.1758247 0.9785335 0.1774597 0.9661539 0.1959472 0.9481546 0.03838437 0.9302238 0.026461 0.9318488 0.02343285 0.9102298 0.2291314 0.911233 0.2324311 0.8894115 0.2367293 0.9103494 0.01821959 0.8892393 0.01395517 0.8895959 0.01053059 0.8890684 0.2333021 0.8894115 0.2367293 0.8671656 0.2367306 0.3695262 0.4373068 0.3461072 0.4373068 0.3463515 0.432438 0.416308 0.4630321 0.3931207 0.4630321 0.393038 0.4567189 0.3931207 0.4630321 0.3697773 0.4630321 0.3697171 0.4567189 0.4621729 0.4567189 0.4621426 0.4630321 0.439222 0.4630321 0.439222 0.4630321 0.416308 0.4630321 0.4162227 0.4567189 0.5086261 0.4567189 0.5086044 0.4630321 0.4852959 0.4630321 0.5555012 0.4567189 0.5554878 0.4630321 0.5319992 0.4630321 0.1809468 0.4630321 0.1574556 0.4630321 0.1574658 0.4567189 0.25804 0.4630321 0.2351315 0.4630321 0.2351835 0.4567189 0.322881 0.4630321 0.3018286 0.4630321 0.3017675 0.4567189 0.346311 0.4630321 0.322881 0.4630321 0.3228288 0.4567189 0.4853253 0.4567189 0.4852959 0.4630321 0.4621426 0.4630321 0.3016729 0.4373068 0.2816215 0.4373068 0.2815923 0.432438 0.2351315 0.4630321 0.2060359 0.4630321 0.2060895 0.4567189 0.2060895 0.4567189 0.2060359 0.4630321 0.1809468 0.4630321 0.1339578 0.4630321 0.1103549 0.4630321 0.1103278 0.4567189 0.7704543 0.4567189 0.7699452 0.4630321 0.745621 0.4630321 0.08664035 0.4630321 0.0626915 0.4630321 0.06268399 0.4567189 0.03871595 0.4567189 0.03877079 0.4630321 0.01476597 0.4630321 0.2817859 0.4630321 0.25804 0.4630321 0.2579926 0.4567189 0.06268399 0.4567189 0.0626915 0.4630321 0.03877079 0.4630321 0.1103549 0.4630321 0.08664035 0.4630321 0.08660274 0.4567189 0.1574556 0.4630321 0.1339578 0.4630321 0.1339479 0.4567189 0.7458207 0.4567189 0.745621 0.4630321 0.721516 0.4630321 0.7216199 0.4567189 0.721516 0.4630321 0.6975905 0.4630321 0.6976557 0.4567189 0.6975905 0.4630321 0.6737308 0.4630321 0.6737774 0.4567189 0.6737308 0.4630321 0.6499851 0.4630321 0.6500158 0.4567189 0.6499851 0.4630321 0.6263085 0.4630321 0.6263242 0.4567189 0.6263085 0.4630321 0.6026592 0.4630321 0.6026709 0.4567189 0.6026592 0.4630321 0.5790367 0.4630321 0.579048 0.4567189 0.5790367 0.4630321 0.5554878 0.4630321 0.3697773 0.4630321 0.346311 0.4630321 0.3462769 0.4567189 0.5320146 0.4567189 0.5319992 0.4630321 0.5086044 0.4630321 0.8783098 0.2153268 0.8674959 0.2333032 0.8449421 0.2285244 0.9481952 0.2089622 0.930226 0.2209038 0.9133738 0.2083775 0.9754973 0.1758247 0.9634894 0.1937598 0.9482244 0.1812008 0.8256189 0.4377435 0.8600317 0.4520429 0.8579484 0.4624778 0.9826129 0.3382271 0.972213 0.340273 0.9581194 0.3059577 0.8600317 0.4520429 0.8971097 0.4520897 0.89915 0.4624846 0.9318621 0.2795228 0.896814 0.2652331 0.8988333 0.2548319 0.9630659 0.08851975 0.9700962 0.1236801 0.9437792 0.1332715 0.9042779 0.4200592 0.9399828 0.3843934 0.9578763 0.4117807 0.9372948 0.4469048 0.9314215 0.4380317 0.9578763 0.4117807 0.972175 0.3773599 0.972213 0.340273 0.9826129 0.3382271 0.9880667 0.1344836 0.9839634 0.155823 0.9664959 0.1505108 0.89915 0.4624846 0.8971097 0.4520897 0.9314215 0.4380317 0.7905035 0.4171646 0.7993747 0.4112929 0.8256189 0.4377435 0.7853591 0.339923 0.7853184 0.3769894 0.7749271 0.37903 0.7996242 0.3055276 0.7853591 0.339923 0.7749289 0.3378441 0.7749271 0.37903 0.7853184 0.3769894 0.7993747 0.4112929 0.9578763 0.4117807 0.972175 0.3773599 0.9826129 0.3794422 0.1574385 0.4373068 0.1569543 0.432438 0.1806502 0.432438 0.4159767 0.4373068 0.3927888 0.4373068 0.3932044 0.432438 0.2061536 0.4421393 0.1810004 0.4421393 0.1810332 0.4373068 0.1810332 0.4373068 0.1806502 0.432438 0.2058779 0.432438 0.2060901 0.4524199 0.2060895 0.4567189 0.1809682 0.4567189 0.74592 0.4421393 0.7459298 0.4373068 0.7705907 0.4373068 0.7216199 0.4567189 0.6976557 0.4567189 0.697684 0.4524199 0.03854608 0.4421393 0.03858864 0.4373068 0.06257402 0.4373068 0.5318659 0.4373068 0.5084989 0.4373068 0.5090351 0.432438 0.6976414 0.4421393 0.6737152 0.4421393 0.6737172 0.4373068 0.6025503 0.4373068 0.5789042 0.4373068 0.5792367 0.432438 0.1338831 0.4421393 0.1338992 0.4373068 0.1574385 0.4373068 0.6737172 0.4373068 0.6736572 0.432438 0.6975114 0.432438 0.0143156 0.4373068 0.01426386 0.432438 0.03811216 0.432438 0.5084989 0.4373068 0.48519 0.4373068 0.4857363 0.432438 0.5553829 0.4421393 0.5318865 0.4421393 0.5318659 0.4373068 0.6262094 0.4373068 0.6025503 0.4373068 0.6027979 0.432438 0.6025596 0.4421393 0.6025503 0.4373068 0.6262094 0.4373068 0.3695433 0.4421393 0.3695262 0.4373068 0.3927888 0.4373068 0.8208567 0.2177755 0.8449421 0.2285244 0.8439009 0.2318115 0.6262187 0.4421393 0.6262094 0.4373068 0.6499331 0.4373068 0.2351835 0.4567189 0.2060895 0.4567189 0.2060901 0.4524199 0.5085123 0.4421393 0.4852092 0.4421393 0.48519 0.4373068 0.5553695 0.4373068 0.5318659 0.4373068 0.5323448 0.432438 0.4852092 0.4421393 0.4620636 0.4421393 0.4620494 0.4373068 0.4389952 0.4373068 0.4159767 0.4373068 0.4164644 0.432438 0.6976414 0.4421393 0.6976637 0.4373068 0.7216871 0.4373068 0.6499331 0.4373068 0.6499763 0.432438 0.6736572 0.432438 0.5553829 0.4421393 0.5553695 0.4373068 0.5789042 0.4373068 0.2061818 0.4373068 0.2058779 0.432438 0.2350506 0.432438 0.8674959 0.2333032 0.8671656 0.2367306 0.8439009 0.2318115 0.6976637 0.4373068 0.6975114 0.432438 0.7214267 0.432438 0.74592 0.4421393 0.7216537 0.4421393 0.7216871 0.4373068 0.1809684 0.4524199 0.1809682 0.4567189 0.1574658 0.4567189 0.3928202 0.4421393 0.3927888 0.4373068 0.4159767 0.4373068 0.1338992 0.4373068 0.133376 0.432438 0.1569543 0.432438 0.4160036 0.4421393 0.4159767 0.4373068 0.4389952 0.4373068 0.4620494 0.4373068 0.4389952 0.4373068 0.4395136 0.432438 0.5789225 0.4421393 0.5789042 0.4373068 0.6025503 0.4373068 0.48519 0.4373068 0.4620494 0.4373068 0.4626066 0.432438 0.03854608 0.4421393 0.01384794 0.4421393 0.0143156 0.4373068 0.06257402 0.4373068 0.0620101 0.432438 0.08592945 0.432438 0.4390231 0.4421393 0.4389952 0.4373068 0.4620494 0.4373068 0.03858864 0.4373068 0.03811216 0.432438 0.0620101 0.432438 0.0625739 0.4421393 0.06257402 0.4373068 0.08649706 0.4373068 0.1102342 0.4373068 0.1096664 0.432438 0.133376 0.432438 0.5318865 0.4421393 0.5085123 0.4421393 0.5084989 0.4373068 0.2579678 0.4524199 0.2579926 0.4567189 0.2351835 0.4567189 0.08648949 0.4421393 0.08649706 0.4373068 0.1102342 0.4373068 0.3017361 0.4524199 0.3017675 0.4567189 0.2817487 0.4567189 0.3695433 0.4421393 0.3461281 0.4421393 0.3461072 0.4373068 0.8676258 0.01389008 0.8463709 0.01805001 0.8453816 0.01473534 0.110228 0.4421393 0.1102342 0.4373068 0.1338992 0.4373068 0.9839634 0.155823 0.9880667 0.1344836 0.991503 0.1348139 0.3227946 0.4524199 0.3228288 0.4567189 0.3017675 0.4567189 0.7800283 0.1738516 0.7769527 0.175436 0.7693906 0.1567406 0.2579343 0.4373068 0.2578349 0.432438 0.2815923 0.432438 0.78981 0.1894863 0.7870512 0.1915637 0.7769527 0.175436 0.2352921 0.4373068 0.2350506 0.432438 0.2578349 0.432438 0.3461072 0.4373068 0.3227428 0.4373068 0.3229078 0.432438 0.3227494 0.4421393 0.3227428 0.4373068 0.3461072 0.4373068 0.8208567 0.2177755 0.8190878 0.2207102 0.802109 0.2080382 0.2816354 0.4421393 0.2579355 0.4421393 0.2579343 0.4373068 0.697684 0.4524199 0.6976414 0.4421393 0.7216537 0.4421393 0.7216537 0.4421393 0.74592 0.4421393 0.7459228 0.4524199 0.3930059 0.4524199 0.3928202 0.4421393 0.4160036 0.4421393 0.5320083 0.4524199 0.5318865 0.4421393 0.5553829 0.4421393 0.3695433 0.4421393 0.3928202 0.4421393 0.3930059 0.4524199 0.1574891 0.4524199 0.1574212 0.4421393 0.1810004 0.4421393 0.5790427 0.4524199 0.5789225 0.4421393 0.6025596 0.4421393 0.2579678 0.4524199 0.2579355 0.4421393 0.2816354 0.4421393 0.2353035 0.4421393 0.2579355 0.4421393 0.2579678 0.4524199 0.3016799 0.4421393 0.3227494 0.4421393 0.3227946 0.4524199 0.4853221 0.4524199 0.4852092 0.4421393 0.5085123 0.4421393 0.3227946 0.4524199 0.3227494 0.4421393 0.3461281 0.4421393 0.2060901 0.4524199 0.2061536 0.4421393 0.2353035 0.4421393 0.1810004 0.4421393 0.2061536 0.4421393 0.2060901 0.4524199 0.6500235 0.4524199 0.649936 0.4421393 0.6737152 0.4421393 0.5553829 0.4421393 0.5789225 0.4421393 0.5790427 0.4524199 0.6737939 0.4524199 0.6737152 0.4421393 0.6976414 0.4421393 0.6025596 0.4421393 0.6262187 0.4421393 0.6263238 0.4524199 0.3018286 0.4630321 0.2817859 0.4630321 0.2817487 0.4567189 0.01381772 0.4524199 0.01384794 0.4421393 0.03854608 0.4421393 0.03854608 0.4421393 0.0625739 0.4421393 0.06268274 0.4524199 0.4621669 0.4524199 0.4620636 0.4421393 0.4852092 0.4421393 0.1338831 0.4421393 0.1574212 0.4421393 0.1574891 0.4524199 0.4160036 0.4421393 0.4390231 0.4421393 0.4391756 0.4524199 0.08648949 0.4421393 0.110228 0.4421393 0.1103327 0.4524199 0.5085123 0.4421393 0.5318865 0.4421393 0.5320083 0.4524199 0.0625739 0.4421393 0.08648949 0.4421393 0.0866056 0.4524199 0.3462672 0.4524199 0.3461281 0.4421393 0.3695433 0.4421393 0.110228 0.4421393 0.1338831 0.4421393 0.1339604 0.4524199 0.4390231 0.4421393 0.4620636 0.4421393 0.4621669 0.4524199 0.6262187 0.4421393 0.649936 0.4421393 0.6500235 0.4524199 0.74592 0.4421393 0.7710804 0.4421393 0.7710668 0.4524199 0.8233125 0.2810198 0.7996242 0.3055276 0.7907655 0.2995836 0.9399828 0.3843934 0.9401879 0.3331392 0.972213 0.340273 0.8226121 0.1584574 0.7930948 0.1580151 0.7864848 0.1236391 0.8175293 0.3328833 0.8173258 0.3841295 0.7853184 0.3769894 0.7993747 0.4112929 0.8173258 0.3841295 0.8529751 0.4198427 0.9581194 0.3059577 0.9318621 0.2795228 0.9377983 0.2706678 0.896814 0.2652331 0.904297 0.2974438 0.8504539 0.2982372 0.9134221 0.03889906 0.9431292 0.05873376 0.9326786 0.08743911 0.9401879 0.3331392 0.904297 0.2974438 0.9318621 0.2795228 0.04007309 0.501465 0.04007309 0.4720594 0.07058823 0.4720594 0.9618821 0.4720594 0.9923503 0.4720594 0.9923503 0.501465 0.6474844 0.4720594 0.6782863 0.4720594 0.6782863 0.501465 0.2852528 0.501465 0.2852528 0.4720594 0.3160329 0.4720594 0.2852528 0.991208 0.2852528 0.9818452 0.3160329 0.9818452 0.5318428 0.9818453 0.5626863 0.9818452 0.5626863 0.991208 0.3160329 0.991208 0.3160329 0.9818452 0.3468313 0.9818453 0.07058823 0.501465 0.07058823 0.4720594 0.1011477 0.4720594 0.7781922 0.4720594 0.8088965 0.4720594 0.8088964 0.5014649 0.4288113 0.02143126 0.4288113 0.004611492 0.4752845 0.004611492 0.005941569 0.02143126 0.005941569 0.004611492 0.05276811 0.004611492 0.1011477 0.991208 0.1011477 0.9818454 0.131748 0.9818452 0.4393085 0.991208 0.4393086 0.9818453 0.4701514 0.9818452 0.2544954 0.501465 0.2544954 0.4720594 0.2852528 0.4720594 0.8088966 0.9818453 0.8395687 0.9818452 0.8395688 0.991208 0.8088965 0.4720594 0.8395688 0.4720594 0.8395687 0.501465 0.4084722 0.5014649 0.4084723 0.4720594 0.4393085 0.4720594 0.1623861 0.5014651 0.1623861 0.4720594 0.1930587 0.4720594 0.3776458 0.501465 0.3776458 0.4720594 0.4084723 0.4720594 0.2237625 0.5014649 0.2237626 0.4720594 0.2544954 0.4720594 0.07058823 0.991208 0.07058823 0.9818453 0.1011477 0.9818454 0.9008074 0.9818453 0.9313668 0.9818452 0.9313669 0.991208 0.2544954 0.991208 0.2544954 0.9818452 0.2852528 0.9818452 0.5218989 0.02143126 0.5218988 0.004611492 0.5686318 0.004611492 0.3822159 0.02143126 0.3822159 0.004611492 0.4288113 0.004611492 0.5318428 0.4720594 0.5626863 0.4720594 0.5626863 0.501465 0.4084723 0.991208 0.4084723 0.9818453 0.4393086 0.9818453 0.1930587 0.501465 0.1930587 0.4720594 0.2237626 0.4720594 0.009605228 0.4720594 0.04007309 0.4720594 0.04007309 0.501465 0.8702065 0.9818452 0.9008074 0.9818453 0.9008074 0.991208 0.3160328 0.5014649 0.3160329 0.4720594 0.3468313 0.4720594 0.9313668 0.9818452 0.961882 0.9818453 0.9618821 0.991208 0.7781922 0.991208 0.7781923 0.9818453 0.8088966 0.9818453 0.1930587 0.991208 0.1930587 0.9818453 0.2237625 0.9818452 0.8702066 0.4720594 0.9008074 0.4720594 0.9008072 0.5014649 0.5626863 0.991208 0.5626863 0.9818452 0.5935223 0.9818453 0.7076418 0.4720594 0.7453299 0.4720594 0.74533 0.5014651 0.4701513 0.5014649 0.4701514 0.4720594 0.5009968 0.4720594 0.5935223 0.501465 0.5935223 0.4720594 0.6212614 0.4720594 0.6212614 0.4720594 0.6474844 0.4720594 0.6474843 0.5014649 0.3468313 0.5014649 0.3468313 0.4720594 0.3776458 0.4720594 0.2237626 0.991208 0.2237625 0.9818452 0.2544954 0.9818452 0.5626863 0.4720594 0.5935223 0.4720594 0.5935223 0.501465 0.6154296 0.02143126 0.6154296 0.004611492 0.6622335 0.004611492 0.292277 0.004611492 0.3353579 0.004611492 0.3353579 0.02143126 0.2473067 0.02143126 0.2473067 0.004611492 0.292277 0.004611492 0.6622335 0.004611492 0.7090326 0.004611492 0.7090325 0.02143126 0.2817532 0.4524199 0.2816354 0.4421393 0.3016799 0.4421393 0.3353579 0.004611492 0.3822159 0.004611492 0.3822159 0.02143126 0.9313669 0.4720594 0.9618821 0.4720594 0.9618821 0.501465 0.6474844 0.9818452 0.6782863 0.9818453 0.6782863 0.991208 0.5009967 0.9818452 0.5318428 0.9818453 0.5318428 0.991208 0.3776458 0.991208 0.3776458 0.9818452 0.4084723 0.9818453 0.74533 0.5014651 0.7453299 0.4720594 0.7781922 0.4720594 0.04007309 0.991208 0.04007309 0.9818453 0.07058823 0.9818453 0.6782863 0.501465 0.6782863 0.4720594 0.7076418 0.4720594 0.009605228 0.991208 0.009605228 0.9818452 0.04007309 0.9818453 0.8395688 0.4720594 0.8702066 0.4720594 0.8702068 0.501465 0.131748 0.991208 0.131748 0.9818452 0.1623861 0.9818453 0.131748 0.5014651 0.131748 0.4720594 0.1623861 0.4720594 0.961882 0.9818453 0.9923503 0.9818453 0.9923503 0.991208 0.7076418 0.9818453 0.7453299 0.9818453 0.7453299 0.991208 0.4393086 0.501465 0.4393085 0.4720594 0.4701514 0.4720594 0.7453299 0.991208 0.7453299 0.9818453 0.7781923 0.9818453 0.4752845 0.02143126 0.4752845 0.004611492 0.5218988 0.004611492 0.1948702 0.02143126 0.1948702 0.004611492 0.2473067 0.004611492 0.7090325 0.02143126 0.7090326 0.004611492 0.7555367 0.004611492 0.09992939 0.004611492 0.1470506 0.004611492 0.1470505 0.02143126 0.1470506 0.004611492 0.1948702 0.004611492 0.1948702 0.02143126 0.05276811 0.02143126 0.05276811 0.004611492 0.09992939 0.004611492 0.5686318 0.004611492 0.6154296 0.004611492 0.6154296 0.02143126 0.5009968 0.4720594 0.5318428 0.4720594 0.5318428 0.501465 0.5935223 0.991208 0.5935223 0.9818453 0.6212614 0.9818452 0.6782863 0.991208 0.6782863 0.9818453 0.7076418 0.9818453 0.1623861 0.991208 0.1623861 0.9818453 0.1930587 0.9818453 0.9008074 0.4720594 0.9313669 0.4720594 0.9313668 0.5014649 0.8395687 0.9818452 0.8702065 0.9818452 0.8702066 0.991208 0.3468313 0.991208 0.3468313 0.9818453 0.3776458 0.9818452 0.1011477 0.501465 0.1011477 0.4720594 0.131748 0.4720594 0.4701514 0.991208 0.4701514 0.9818452 0.5009967 0.9818452 0.6212614 0.9818452 0.6474844 0.9818452 0.6474844 0.991208 0.7781924 0.501465 0.8088964 0.5014649 0.8088966 0.9818453 0.3468313 0.9818453 0.3468313 0.5014649 0.3776458 0.501465 0.3160329 0.9818452 0.3160328 0.5014649 0.3468313 0.5014649 0.5626863 0.9818452 0.5626863 0.501465 0.5935223 0.501465 0.8395687 0.501465 0.8702068 0.501465 0.8702065 0.9818452 0.04007309 0.9818453 0.04007309 0.501465 0.07058823 0.501465 0.5318428 0.501465 0.5626863 0.501465 0.5626863 0.9818452 0.4084723 0.9818453 0.4084722 0.5014649 0.4393086 0.501465 0.2852528 0.9818452 0.2852528 0.501465 0.3160328 0.5014649 0.07058823 0.9818453 0.07058823 0.501465 0.1011477 0.501465 0.2237625 0.9818452 0.2237625 0.5014649 0.2544954 0.501465 0.5009967 0.501465 0.5318428 0.501465 0.5318428 0.9818453 0.1930587 0.9818453 0.1930587 0.501465 0.2237625 0.5014649 0.4393086 0.9818453 0.4393086 0.501465 0.4701513 0.5014649 0.131748 0.9818452 0.131748 0.5014651 0.1623861 0.5014651 0.9008072 0.5014649 0.9313668 0.5014649 0.9313668 0.9818452 0.8702068 0.501465 0.9008072 0.5014649 0.9008074 0.9818453 0.1011477 0.9818454 0.1011477 0.501465 0.131748 0.5014651 0.2544954 0.9818452 0.2544954 0.501465 0.2852528 0.501465 0.9618821 0.501465 0.9923503 0.501465 0.9923503 0.9818453 0.009605169 0.501465 0.04007309 0.501465 0.04007309 0.9818453 0.1623861 0.9818453 0.1623861 0.5014651 0.1930587 0.501465 0.6782863 0.9818453 0.6782863 0.501465 0.7076419 0.5014651 0.7453299 0.9818453 0.74533 0.5014651 0.7781924 0.501465 0.4701514 0.9818452 0.4701513 0.5014649 0.5009967 0.501465 0.6474843 0.5014649 0.6782863 0.501465 0.6782863 0.9818453 0.9313668 0.5014649 0.9618821 0.501465 0.961882 0.9818453 0.6212614 0.5014651 0.6474843 0.5014649 0.6474844 0.9818452 0.5935223 0.9818453 0.5935223 0.501465 0.6212614 0.5014651 0.7076419 0.5014651 0.74533 0.5014651 0.7453299 0.9818453 0.8088964 0.5014649 0.8395687 0.501465 0.8395687 0.9818452 0.3776458 0.9818452 0.3776458 0.501465 0.4084722 0.5014649</float_array>
          <technique_common>
            <accessor source="#plastic_cup_Lowpoly-mesh-map-array" count="2592" stride="2">
              <param name="S" type="float"/>
              <param name="T" type="float"/>
            </accessor>
          </technique_common>
        </source>
        <vertices id="plastic_cup_Lowpoly-mesh-vertices">
          <input semantic="POSITION" source="#plastic_cup_Lowpoly-mesh-positions"/>
        </vertices>
        <triangles material="Plastic_Cup-material" count="864">
          <input semantic="VERTEX" source="#plastic_cup_Lowpoly-mesh-vertices" offset="0"/>
          <input semantic="NORMAL" source="#plastic_cup_Lowpoly-mesh-normals" offset="1"/>
          <input semantic="TEXCOORD" source="#plastic_cup_Lowpoly-mesh-map" offset="2" set="0"/>
          <p>0 0 0 1 1 1 2 2 2 11 3 3 6 4 4 9 5 5 3 6 6 4 7 7 5 8 8 39 9 9 35 10 10 30 11 11 6 4 12 7 12 13 8 13 14 29 14 15 27 15 16 25 16 17 9 5 18 10 17 19 11 3 20 2 2 21 45 18 22 0 0 23 12 19 24 13 20 25 14 21 26 14 21 27 9 5 28 12 19 29 15 22 30 16 23 31 17 24 32 23 25 33 18 26 34 21 27 35 18 26 36 19 28 37 20 29 38 15 22 39 13 20 40 12 19 41 21 27 42 22 30 43 23 25 44 396 31 45 216 32 46 426 33 47 37 34 48 21 27 49 24 35 50 25 16 51 27 15 52 28 36 53 47 37 54 39 9 55 45 18 56 18 26 57 16 23 58 15 22 59 29 14 60 33 38 61 34 39 62 30 11 63 35 10 64 36 40 65 24 35 66 26 41 67 37 34 68 372 42 69 199 43 70 425 44 71 38 45 72 40 46 73 41 47 74 39 9 75 42 48 76 43 49 77 371 50 78 203 51 79 422 52 80 6 4 81 4 7 82 3 6 83 45 18 84 46 53 85 47 37 86 3 6 87 1 1 88 0 0 89 52 54 90 53 55 91 54 56 92 298 57 93 222 58 94 221 59 95 49 60 96 52 54 97 50 61 98 111 62 99 50 61 100 48 63 101 109 64 102 48 63 103 110 65 104 107 66 105 110 65 106 108 67 107 82 68 108 83 69 109 84 70 110 293 71 111 287 72 112 290 73 113 327 74 114 278 75 115 326 76 116 60 77 117 61 78 118 62 79 119 66 80 120 67 81 121 68 82 122 281 83 123 209 84 124 275 85 125 265 86 126 278 75 127 279 87 128 277 88 129 207 89 130 273 90 131 89 91 132 92 92 133 90 93 134 87 94 135 90 93 136 88 95 137 85 96 138 88 95 139 86 97 140 83 69 141 86 97 142 84 70 143 80 98 144 81 99 145 82 68 146 78 100 147 79 101 148 80 98 149 76 102 150 77 103 151 78 100 152 273 90 153 206 104 154 271 105 155 93 106 156 96 107 157 94 108 158 95 109 159 98 110 160 96 107 161 97 111 162 100 112 163 98 110 164 99 113 165 102 114 166 100 112 167 101 115 168 104 116 169 102 114 170 103 117 171 106 118 172 104 116 173 105 119 174 108 67 175 106 118 176 58 120 177 59 121 178 60 77 179 56 122 180 57 123 181 58 120 182 54 56 183 55 124 184 56 122 185 112 125 186 113 126 187 114 127 188 112 125 189 114 127 190 115 128 191 112 125 192 116 129 193 117 130 194 112 125 195 115 128 196 116 129 197 112 125 198 117 130 199 118 131 200 112 125 201 118 131 202 119 132 203 112 125 204 119 132 205 120 133 206 112 125 207 120 133 208 113 126 209 120 133 210 15 22 211 12 19 212 116 129 213 38 45 214 117 130 215 12 19 216 113 126 217 120 133 218 233 134 219 257 135 220 231 136 221 29 14 222 118 131 223 117 130 224 238 137 225 244 138 226 234 139 227 119 132 228 21 27 229 18 26 230 6 4 231 114 127 232 113 126 233 234 139 234 235 140 235 232 141 236 258 142 237 233 134 238 235 140 239 244 138 240 258 142 241 235 140 242 229 143 243 256 144 244 227 145 245 263 146 246 253 147 247 254 148 248 114 127 249 3 6 250 0 0 251 24 35 252 119 132 253 118 131 254 240 149 255 259 150 256 237 151 257 8 13 258 123 152 259 121 153 260 7 12 261 124 154 262 123 152 263 11 3 264 125 155 265 124 154 266 20 29 267 129 156 268 16 23 269 14 21 270 127 157 271 126 158 272 16 23 273 128 159 274 17 24 275 314 160 276 194 161 277 193 162 278 22 30 279 132 163 280 23 25 281 10 17 282 126 158 283 125 155 284 323 164 285 324 165 286 322 166 287 320 167 288 198 168 289 197 169 290 17 24 291 127 157 292 13 20 293 323 164 294 320 167 295 321 170 296 269 171 297 266 172 298 267 173 299 5 8 300 122 174 301 152 175 302 2 2 303 151 176 304 150 177 305 36 40 306 142 178 307 139 179 308 47 37 309 149 180 310 148 181 311 31 182 312 147 183 313 44 184 314 291 185 315 218 186 316 216 32 317 33 38 318 138 187 319 34 39 320 43 49 321 146 188 322 144 189 323 42 48 324 148 181 325 146 188 326 40 46 327 143 190 328 41 47 329 35 10 330 144 189 331 142 178 332 41 47 333 141 191 334 33 38 335 44 184 336 145 192 337 40 46 338 46 53 339 150 177 340 149 180 341 34 39 342 137 193 343 27 15 344 1 1 345 152 175 346 151 176 347 27 15 348 135 194 349 28 36 350 316 195 351 196 196 352 194 161 353 155 197 354 55 124 355 53 55 356 156 198 357 57 123 358 55 124 359 49 60 360 455 199 361 51 200 362 455 199 363 53 55 364 51 200 365 109 64 366 460 201 367 111 62 368 105 119 369 441 202 370 107 66 371 457 203 372 75 204 373 73 205 374 162 206 375 69 207 376 67 81 377 450 208 378 63 209 379 61 78 380 449 210 381 61 78 382 59 121 383 111 62 384 153 211 385 49 60 386 322 166 387 199 43 388 198 168 389 462 212 390 71 213 391 69 207 392 71 213 393 457 203 394 73 205 395 443 214 396 79 101 397 77 103 398 87 94 399 463 215 400 89 91 401 169 216 402 83 69 403 81 99 404 85 96 405 438 217 406 87 94 407 453 218 408 67 81 409 65 219 410 83 69 411 437 220 412 85 96 413 444 221 414 81 99 415 79 101 416 166 222 417 77 103 418 75 204 419 89 91 420 464 223 421 91 224 422 91 224 423 465 225 424 93 106 425 93 106 426 439 226 427 95 109 428 95 109 429 434 227 430 97 111 431 97 111 432 435 228 433 99 113 434 99 113 435 447 229 436 101 115 437 101 115 438 445 230 439 103 117 440 103 117 441 440 231 442 105 119 443 157 232 444 59 121 445 57 123 446 107 66 447 458 233 448 109 64 449 185 234 450 186 235 451 187 236 452 208 237 453 210 238 454 423 239 455 374 240 456 188 241 457 189 242 458 370 243 459 205 244 460 431 245 461 373 246 462 190 247 463 191 248 464 192 249 465 194 161 466 421 250 467 192 249 468 193 162 469 194 161 470 369 251 471 201 252 472 424 253 473 195 254 474 196 196 475 197 169 476 25 16 477 26 41 478 24 35 479 372 42 480 198 168 481 199 43 482 195 254 483 197 169 484 430 255 485 369 251 486 200 256 487 201 252 488 371 50 489 202 257 490 203 51 491 41 47 492 29 14 493 38 45 494 370 243 495 204 258 496 205 244 497 389 259 498 206 104 499 207 89 500 373 246 501 191 248 502 427 260 503 220 261 504 222 58 505 418 262 506 44 184 507 38 45 508 32 263 509 208 237 510 209 84 511 210 238 512 402 264 513 211 265 514 212 266 515 374 240 516 189 242 517 433 267 518 217 268 519 219 269 520 420 270 521 398 271 522 213 272 523 214 273 524 396 31 525 215 274 526 216 32 527 185 234 528 187 236 529 432 275 530 402 264 531 212 266 532 428 276 533 217 268 534 218 186 535 219 269 536 389 259 537 207 89 538 419 277 539 220 261 540 221 59 541 222 58 542 398 271 543 214 273 544 429 278 545 224 279 546 252 280 547 225 281 548 245 282 549 246 283 550 239 284 551 254 148 552 250 285 553 252 280 554 240 149 555 238 137 556 236 286 557 39 9 558 116 129 559 115 128 560 262 287 561 248 288 562 251 289 563 117 130 564 38 45 565 29 14 566 247 290 567 248 288 568 241 291 569 242 292 570 245 282 571 243 293 572 36 40 573 32 263 574 30 11 575 250 285 576 251 289 577 247 290 578 223 294 579 224 279 580 225 281 581 231 136 582 226 295 583 228 296 584 233 134 585 228 296 586 230 297 587 226 295 588 227 145 589 223 294 590 248 288 591 243 293 592 241 291 593 255 298 594 256 144 595 257 135 596 255 298 597 257 135 598 258 142 599 255 298 600 259 150 601 260 299 602 255 298 603 258 142 604 259 150 605 255 298 606 261 300 607 262 287 608 255 298 609 260 299 610 261 300 611 255 298 612 262 287 613 263 146 614 255 298 615 263 146 616 256 144 617 268 301 618 203 51 619 266 172 620 312 302 621 193 162 622 191 248 623 265 86 624 266 172 625 264 303 626 266 172 627 202 257 628 264 303 629 72 304 630 73 205 631 74 305 632 276 306 633 271 105 634 272 307 635 91 224 636 94 108 637 92 92 638 292 308 639 285 309 640 288 310 641 302 311 642 187 236 643 186 235 644 286 312 645 287 72 646 283 313 647 296 314 648 221 59 649 219 269 650 274 315 651 268 301 652 269 171 653 287 72 654 212 266 655 283 313 656 271 105 657 214 273 658 289 316 659 304 317 660 188 241 661 187 236 662 301 318 663 302 311 664 300 319 665 294 320 666 219 269 667 218 186 668 297 321 669 294 320 670 295 322 671 116 129 672 30 11 673 32 263 674 317 323 675 314 160 676 315 324 677 37 34 678 136 325 679 134 326 680 295 322 681 291 185 682 293 71 683 69 207 684 72 304 685 70 327 686 305 328 687 306 329 688 304 317 689 300 319 690 186 235 691 222 58 692 307 330 693 308 331 694 306 329 695 310 332 696 191 248 697 190 247 698 286 312 699 277 88 700 282 333 701 291 185 702 215 274 703 287 72 704 301 318 705 298 57 706 299 334 707 264 303 708 201 252 709 278 75 710 28 36 711 136 325 712 26 41 713 283 313 714 211 265 715 277 88 716 276 306 717 277 88 718 273 90 719 74 305 720 75 204 721 76 102 722 315 324 723 312 302 724 313 335 725 270 336 726 204 258 727 268 301 728 313 335 729 310 332 730 311 337 731 308 331 732 190 247 733 189 242 734 299 334 735 296 314 736 297 321 737 306 329 738 189 242 739 188 241 740 292 308 741 271 105 742 289 316 743 285 309 744 210 238 745 281 83 746 311 337 747 308 331 748 309 338 749 289 316 750 213 272 751 285 309 752 288 310 753 281 83 754 284 339 755 275 85 756 205 244 757 270 336 758 303 340 759 304 317 760 302 311 761 68 82 762 69 207 763 70 327 764 284 339 765 275 85 766 280 341 767 64 342 768 65 219 769 66 80 770 317 323 771 318 343 772 316 195 773 4 7 774 121 153 775 122 174 776 280 341 777 270 336 778 274 315 779 31 182 780 139 179 781 140 344 782 62 79 783 63 209 784 64 342 785 19 28 786 130 345 787 20 29 788 326 76 789 199 43 790 324 165 791 23 25 792 131 346 793 19 28 794 278 75 795 200 256 796 326 76 797 318 343 798 197 169 799 196 196 800 321 170 801 318 343 802 319 347 803 37 34 804 133 348 805 22 30 806 325 349 807 326 76 808 324 165 809 94 108 810 282 333 811 92 92 812 282 333 813 90 93 814 92 92 815 56 122 816 313 335 817 54 56 818 108 67 819 301 318 820 106 118 821 317 323 822 56 122 823 58 120 824 76 102 825 267 173 826 74 305 827 104 116 828 297 321 829 102 114 830 68 82 831 325 349 832 66 80 833 279 87 834 68 82 835 70 327 836 323 164 837 62 79 838 64 342 839 48 63 840 305 328 841 110 65 842 62 79 843 319 347 844 60 77 845 72 304 846 279 87 847 70 327 848 267 173 849 72 304 850 74 305 851 98 110 852 290 73 853 96 107 854 301 318 855 104 116 856 106 118 857 96 107 858 286 312 859 94 108 860 297 321 861 100 112 862 102 114 863 451 350 864 65 219 865 63 209 866 88 95 867 292 308 868 86 97 869 292 308 870 84 70 871 86 97 872 50 61 873 307 330 874 48 63 875 274 315 876 76 102 877 78 100 878 313 335 879 52 54 880 54 56 881 284 339 882 80 98 883 82 68 884 305 328 885 108 67 886 110 65 887 288 310 888 82 68 889 84 70 890 60 77 891 317 323 892 58 120 893 280 341 894 78 100 895 80 98 896 311 337 897 50 61 898 52 54 899 295 322 900 98 110 901 100 112 902 276 306 903 88 95 904 90 93 905 235 140 906 230 297 907 232 141 908 261 300 909 249 351 910 242 292 911 119 132 912 15 22 913 120 133 914 257 135 915 229 143 916 231 136 917 227 145 918 263 146 919 224 279 920 113 126 921 9 5 922 6 4 923 246 283 924 236 286 925 239 284 926 224 279 927 263 146 928 254 148 929 237 151 930 258 142 931 244 138 932 118 131 933 25 16 934 24 35 935 0 0 936 115 128 937 114 127 938 115 128 939 45 18 940 39 9 941 248 288 942 261 300 943 242 292 944 253 147 945 262 287 946 251 289 947 249 351 948 260 299 949 246 283 950 260 299 951 240 149 952 246 283 953 400 352 954 142 178 955 399 353 956 147 183 957 362 354 958 382 355 959 132 163 960 401 356 961 387 357 962 377 358 963 122 174 964 352 359 965 181 360 966 405 361 967 182 362 968 367 363 969 158 364 970 448 365 971 182 362 972 376 366 973 183 367 974 399 353 975 144 189 976 385 368 977 135 194 978 393 369 979 361 370 980 220 261 981 346 371 982 420 270 983 333 372 984 223 294 985 331 373 986 342 374 987 245 282 988 343 375 989 175 376 990 354 377 991 176 378 992 154 379 993 359 380 994 456 381 995 390 382 996 152 175 997 377 358 998 366 383 999 167 384 1000 442 385 1001 137 193 1002 368 386 1003 393 369 1004 392 387 1005 125 155 1006 397 388 1007 347 389 1008 149 180 1009 386 390 1010 388 391 1011 124 154 1012 392 387 1013 381 392 1014 151 176 1015 390 382 1016 174 393 1017 410 394 1018 175 376 1019 349 395 1020 170 396 1021 446 397 1022 180 398 1023 351 399 1024 181 360 1025 332 400 1026 252 280 1027 346 371 1028 373 246 1029 333 372 1030 433 267 1031 185 234 1032 332 400 1033 418 262 1034 208 237 1035 340 401 1036 431 245 1037 370 243 1038 338 402 1039 422 52 1040 369 251 1041 337 403 1042 425 44 1043 372 42 1044 336 404 1045 430 255 1046 195 254 1047 335 405 1048 421 250 1049 192 249 1050 334 406 1051 427 260 1052 334 406 1053 226 295 1054 333 372 1055 396 31 1056 344 407 1057 428 276 1058 128 159 1059 384 408 1060 391 409 1061 461 410 1062 356 411 1063 154 379 1064 386 390 1065 150 177 1066 381 392 1067 140 344 1068 400 352 1069 362 354 1070 412 412 1071 446 397 1072 168 413 1073 352 359 1074 121 153 1075 394 414 1076 350 415 1077 171 416 1078 170 396 1079 165 417 1080 366 383 1081 442 385 1082 178 418 1083 417 419 1084 179 420 1085 141 191 1086 378 421 1087 380 422 1088 158 364 1089 408 423 1090 159 424 1091 134 326 1092 379 425 1093 329 426 1094 358 427 1095 127 157 1096 383 428 1097 328 429 1098 131 346 1099 330 430 1100 131 346 1101 387 357 1102 330 430 1103 394 414 1104 123 152 1105 388 391 1106 179 420 1107 413 431 1108 180 398 1109 129 156 1110 328 429 1111 384 408 1112 345 432 1113 247 290 1114 344 407 1115 232 141 1116 335 405 1117 336 404 1118 337 403 1119 232 141 1120 336 404 1121 402 264 1122 341 433 1123 419 277 1124 247 290 1125 341 433 1126 344 407 1127 66 80 1128 323 164 1129 64 342 1130 389 259 1131 342 374 1132 429 278 1133 398 271 1134 343 375 1135 423 239 1136 230 297 1137 334 406 1138 335 405 1139 145 192 1140 382 355 1141 395 434 1142 375 435 1143 454 436 1144 161 437 1145 364 438 1146 448 365 1147 452 439 1148 184 440 1149 353 441 1150 461 410 1151 379 425 1152 135 194 1153 361 370 1154 173 442 1155 415 443 1156 174 393 1157 401 356 1158 134 326 1159 329 426 1160 172 444 1161 416 445 1162 173 442 1163 138 187 1164 380 422 1165 368 386 1166 176 378 1167 403 446 1168 177 447 1169 348 448 1170 148 181 1171 347 389 1172 357 449 1173 172 444 1174 171 416 1175 406 450 1176 459 451 1177 163 452 1178 397 388 1179 126 158 1180 358 427 1181 459 451 1182 407 453 1183 165 417 1184 331 373 1185 225 281 1186 332 400 1187 374 240 1188 331 373 1189 432 275 1190 339 454 1191 234 139 1192 337 403 1193 341 433 1194 243 293 1195 342 374 1196 239 284 1197 338 402 1198 340 401 1199 371 50 1200 339 454 1201 424 253 1202 236 286 1203 339 454 1204 338 402 1205 343 375 1206 239 284 1207 340 401 1208 217 268 1209 345 432 1210 426 33 1211 252 280 1212 345 432 1213 346 371 1214 127 157 1215 391 409 1216 383 428 1217 159 424 1218 414 455 1219 160 456 1220 454 436 1221 406 450 1222 163 452 1223 177 447 1224 365 457 1225 178 418 1226 143 190 1227 395 434 1228 378 421 1229 404 458 1230 168 413 1231 167 384 1232 183 367 1233 411 459 1234 184 440 1235 385 368 1236 146 188 1237 348 448 1238 456 381 1239 364 438 1240 452 439 1241 32 263 1242 31 182 1243 44 184 1244 414 455 1245 161 437 1246 160 456 1247 361 370 1248 366 383 1249 407 453 1250 376 366 1251 388 391 1252 411 459 1253 405 361 1254 394 414 1255 376 366 1256 409 460 1257 328 429 1258 408 423 1259 368 386 1260 412 412 1261 404 458 1262 416 445 1263 399 353 1264 415 443 1265 391 409 1266 409 460 1267 367 363 1268 353 441 1269 397 388 1270 356 411 1271 351 399 1272 352 359 1273 405 361 1274 415 443 1275 385 368 1276 410 394 1277 417 419 1278 390 382 1279 413 431 1280 383 428 1281 367 363 1282 364 438 1283 365 457 1284 381 392 1285 417 419 1286 356 411 1287 358 427 1288 359 380 1289 354 377 1290 347 389 1291 403 446 1292 378 421 1293 350 415 1294 349 395 1295 380 422 1296 349 395 1297 412 412 1298 410 394 1299 348 448 1300 354 377 1301 413 431 1302 377 358 1303 351 399 1304 382 355 1305 363 461 1306 357 449 1307 362 354 1308 416 445 1309 363 461 1310 403 446 1311 386 390 1312 365 457 1313 355 462 1314 329 426 1315 406 450 1316 360 463 1317 361 370 1318 407 453 1319 359 380 1320 383 428 1321 364 438 1322 387 357 1323 355 462 1324 375 435 1325 395 434 1326 357 449 1327 350 415 1328 330 430 1329 375 435 1330 414 455 1331 408 423 1332 330 430 1333 414 455 1334 329 426 1335 360 463 1336 406 450 1337 393 369 1338 404 458 1339 366 383 1340 411 459 1341 392 387 1342 353 441 1343 426 33 1344 344 407 1345 396 31 1346 345 432 1347 344 407 1348 426 33 1349 424 253 1350 337 403 1351 369 251 1352 339 454 1353 337 403 1354 424 253 1355 432 275 1356 332 400 1357 185 234 1358 331 373 1359 332 400 1360 432 275 1361 423 239 1362 340 401 1363 208 237 1364 343 375 1365 340 401 1366 423 239 1367 429 278 1368 343 375 1369 398 271 1370 342 374 1371 343 375 1372 429 278 1373 419 277 1374 342 374 1375 389 259 1376 341 433 1377 342 374 1378 419 277 1379 428 276 1380 341 433 1381 402 264 1382 344 407 1383 341 433 1384 428 276 1385 427 260 1386 333 372 1387 373 246 1388 334 406 1389 333 372 1390 427 260 1391 421 250 1392 334 406 1393 192 249 1394 335 405 1395 334 406 1396 421 250 1397 430 255 1398 335 405 1399 195 254 1400 336 404 1401 335 405 1402 430 255 1403 425 44 1404 336 404 1405 372 42 1406 337 403 1407 336 404 1408 425 44 1409 422 52 1410 339 454 1411 371 50 1412 338 402 1413 339 454 1414 422 52 1415 431 245 1416 338 402 1417 370 243 1418 340 401 1419 338 402 1420 431 245 1421 418 262 1422 346 371 1423 220 261 1424 332 400 1425 346 371 1426 418 262 1427 433 267 1428 331 373 1429 374 240 1430 333 372 1431 331 373 1432 433 267 1433 420 270 1434 345 432 1435 217 268 1436 346 371 1437 345 432 1438 420 270 1439 206 104 1440 389 259 1441 429 278 1442 214 273 1443 206 104 1444 429 278 1445 211 265 1446 402 264 1447 419 277 1448 207 89 1449 211 265 1450 419 277 1451 215 274 1452 396 31 1453 428 276 1454 212 266 1455 215 274 1456 428 276 1457 188 241 1458 374 240 1459 432 275 1460 187 236 1461 188 241 1462 432 275 1463 221 59 1464 220 261 1465 420 270 1466 219 269 1467 221 59 1468 420 270 1469 190 247 1470 373 246 1471 433 267 1472 189 242 1473 190 247 1474 433 267 1475 186 235 1476 185 234 1477 418 262 1478 222 58 1479 186 235 1480 418 262 1481 193 162 1482 192 249 1483 427 260 1484 191 248 1485 193 162 1486 427 260 1487 198 168 1488 372 42 1489 430 255 1490 197 169 1491 198 168 1492 430 255 1493 202 257 1494 371 50 1495 424 253 1496 201 252 1497 202 257 1498 424 253 1499 196 196 1500 195 254 1501 421 250 1502 194 161 1503 196 196 1504 421 250 1505 209 84 1506 208 237 1507 431 245 1508 205 244 1509 209 84 1510 431 245 1511 213 272 1512 398 271 1513 423 239 1514 210 238 1515 213 272 1516 423 239 1517 204 258 1518 370 243 1519 422 52 1520 203 51 1521 204 258 1522 422 52 1523 200 256 1524 369 251 1525 425 44 1526 199 43 1527 200 256 1528 425 44 1529 218 186 1530 217 268 1531 426 33 1532 216 32 1533 218 186 1534 426 33 1535 11 3 1536 7 12 1537 6 4 1538 39 9 1539 43 49 1540 35 10 1541 29 14 1542 34 39 1543 27 15 1544 2 2 1545 46 53 1546 45 18 1547 14 21 1548 10 17 1549 9 5 1550 23 25 1551 19 28 1552 18 26 1553 15 22 1554 17 24 1555 13 20 1556 37 34 1557 22 30 1558 21 27 1559 47 37 1560 42 48 1561 39 9 1562 18 26 1563 20 29 1564 16 23 1565 6 4 1566 8 13 1567 4 7 1568 3 6 1569 5 8 1570 1 1 1571 52 54 1572 51 200 1573 53 55 1574 298 57 1575 300 319 1576 222 58 1577 49 60 1578 51 200 1579 52 54 1580 111 62 1581 49 60 1582 50 61 1583 109 64 1584 111 62 1585 48 63 1586 107 66 1587 109 64 1588 110 65 1589 82 68 1590 81 99 1591 83 69 1592 293 71 1593 291 185 1594 287 72 1595 327 74 1596 279 87 1597 278 75 1598 60 77 1599 59 121 1600 61 78 1601 66 80 1602 65 219 1603 67 81 1604 281 83 1605 210 238 1606 209 84 1607 265 86 1608 264 303 1609 278 75 1610 277 88 1611 211 265 1612 207 89 1613 89 91 1614 91 224 1615 92 92 1616 87 94 1617 89 91 1618 90 93 1619 85 96 1620 87 94 1621 88 95 1622 83 69 1623 85 96 1624 86 97 1625 80 98 1626 79 101 1627 81 99 1628 78 100 1629 77 103 1630 79 101 1631 76 102 1632 75 204 1633 77 103 1634 273 90 1635 207 89 1636 206 104 1637 93 106 1638 95 109 1639 96 107 1640 95 109 1641 97 111 1642 98 110 1643 97 111 1644 99 113 1645 100 112 1646 99 113 1647 101 115 1648 102 114 1649 101 115 1650 103 117 1651 104 116 1652 103 117 1653 105 119 1654 106 118 1655 105 119 1656 107 66 1657 108 67 1658 58 120 1659 57 123 1660 59 121 1661 56 122 1662 55 124 1663 57 123 1664 54 56 1665 53 55 1666 55 124 1667 116 129 1668 32 263 1669 38 45 1670 12 19 1671 9 5 1672 113 126 1673 29 14 1674 25 16 1675 118 131 1676 238 137 1677 237 151 1678 244 138 1679 6 4 1680 3 6 1681 114 127 1682 234 139 1683 244 138 1684 235 140 1685 258 142 1686 257 135 1687 233 134 1688 263 146 1689 262 287 1690 253 147 1691 24 35 1692 21 27 1693 119 132 1694 8 13 1695 7 12 1696 123 152 1697 7 12 1698 11 3 1699 124 154 1700 11 3 1701 10 17 1702 125 155 1703 20 29 1704 130 345 1705 129 156 1706 14 21 1707 13 20 1708 127 157 1709 16 23 1710 129 156 1711 128 159 1712 314 160 1713 316 195 1714 194 161 1715 22 30 1716 133 348 1717 132 163 1718 10 17 1719 14 21 1720 126 158 1721 323 164 1722 325 349 1723 324 165 1724 320 167 1725 322 166 1726 198 168 1727 17 24 1728 128 159 1729 127 157 1730 323 164 1731 322 166 1732 320 167 1733 269 171 1734 268 301 1735 266 172 1736 5 8 1737 4 7 1738 122 174 1739 2 2 1740 1 1 1741 151 176 1742 36 40 1743 35 10 1744 142 178 1745 47 37 1746 46 53 1747 149 180 1748 31 182 1749 140 344 1750 147 183 1751 291 185 1752 294 320 1753 218 186 1754 33 38 1755 141 191 1756 138 187 1757 43 49 1758 42 48 1759 146 188 1760 42 48 1761 47 37 1762 148 181 1763 40 46 1764 145 192 1765 143 190 1766 35 10 1767 43 49 1768 144 189 1769 41 47 1770 143 190 1771 141 191 1772 44 184 1773 147 183 1774 145 192 1775 46 53 1776 2 2 1777 150 177 1778 34 39 1779 138 187 1780 137 193 1781 1 1 1782 5 8 1783 152 175 1784 27 15 1785 137 193 1786 135 194 1787 316 195 1788 318 343 1789 196 196 1790 155 197 1791 156 198 1792 55 124 1793 156 198 1794 157 232 1795 57 123 1796 49 60 1797 153 211 1798 455 199 1799 455 199 1800 155 197 1801 53 55 1802 109 64 1803 458 233 1804 460 201 1805 105 119 1806 440 231 1807 441 202 1808 457 203 1809 166 222 1810 75 204 1811 162 206 1812 462 212 1813 69 207 1814 450 208 1815 451 350 1816 63 209 1817 449 210 1818 450 208 1819 61 78 1820 111 62 1821 460 201 1822 153 211 1823 322 166 1824 324 165 1825 199 43 1826 462 212 1827 164 464 1828 71 213 1829 71 213 1830 164 464 1831 457 203 1832 443 214 1833 444 221 1834 79 101 1835 87 94 1836 438 217 1837 463 215 1838 169 216 1839 436 465 1840 83 69 1841 85 96 1842 437 220 1843 438 217 1844 453 218 1845 162 206 1846 67 81 1847 83 69 1848 436 465 1849 437 220 1850 444 221 1851 169 216 1852 81 99 1853 166 222 1854 443 214 1855 77 103 1856 89 91 1857 463 215 1858 464 223 1859 91 224 1860 464 223 1861 465 225 1862 93 106 1863 465 225 1864 439 226 1865 95 109 1866 439 226 1867 434 227 1868 97 111 1869 434 227 1870 435 228 1871 99 113 1872 435 228 1873 447 229 1874 101 115 1875 447 229 1876 445 230 1877 103 117 1878 445 230 1879 440 231 1880 157 232 1881 449 210 1882 59 121 1883 107 66 1884 441 202 1885 458 233 1886 25 16 1887 28 36 1888 26 41 1889 41 47 1890 33 38 1891 29 14 1892 44 184 1893 40 46 1894 38 45 1895 224 279 1896 254 148 1897 252 280 1898 245 282 1899 249 351 1900 246 283 1901 254 148 1902 253 147 1903 250 285 1904 240 149 1905 237 151 1906 238 137 1907 39 9 1908 30 11 1909 116 129 1910 262 287 1911 261 300 1912 248 288 1913 247 290 1914 251 289 1915 248 288 1916 242 292 1917 249 351 1918 245 282 1919 36 40 1920 31 182 1921 32 263 1922 250 285 1923 253 147 1924 251 289 1925 223 294 1926 227 145 1927 224 279 1928 231 136 1929 229 143 1930 226 295 1931 233 134 1932 231 136 1933 228 296 1934 226 295 1935 229 143 1936 227 145 1937 248 288 1938 242 292 1939 243 293 1940 268 301 1941 204 258 1942 203 51 1943 312 302 1944 314 160 1945 193 162 1946 265 86 1947 267 173 1948 266 172 1949 266 172 1950 203 51 1951 202 257 1952 72 304 1953 71 213 1954 73 205 1955 276 306 1956 273 90 1957 271 105 1958 91 224 1959 93 106 1960 94 108 1961 292 308 1962 289 316 1963 285 309 1964 302 311 1965 304 317 1966 187 236 1967 286 312 1968 290 73 1969 287 72 1970 296 314 1971 298 57 1972 221 59 1973 274 315 1974 270 336 1975 268 301 1976 287 72 1977 215 274 1978 212 266 1979 271 105 1980 206 104 1981 214 273 1982 304 317 1983 306 329 1984 188 241 1985 301 318 1986 303 340 1987 302 311 1988 294 320 1989 296 314 1990 219 269 1991 297 321 1992 296 314 1993 294 320 1994 317 323 1995 316 195 1996 314 160 1997 37 34 1998 26 41 1999 136 325 2000 295 322 2001 294 320 2002 291 185 2003 69 207 2004 71 213 2005 72 304 2006 305 328 2007 307 330 2008 306 329 2009 300 319 2010 302 311 2011 186 235 2012 307 330 2013 309 338 2014 308 331 2015 310 332 2016 312 302 2017 191 248 2018 286 312 2019 283 313 2020 277 88 2021 291 185 2022 216 32 2023 215 274 2024 301 318 2025 300 319 2026 298 57 2027 264 303 2028 202 257 2029 201 252 2030 28 36 2031 135 194 2032 136 325 2033 283 313 2034 212 266 2035 211 265 2036 276 306 2037 282 333 2038 277 88 2039 74 305 2040 73 205 2041 75 204 2042 315 324 2043 314 160 2044 312 302 2045 270 336 2046 205 244 2047 204 258 2048 313 335 2049 312 302 2050 310 332 2051 308 331 2052 310 332 2053 190 247 2054 299 334 2055 298 57 2056 296 314 2057 306 329 2058 308 331 2059 189 242 2060 292 308 2061 272 307 2062 271 105 2063 285 309 2064 213 272 2065 210 238 2066 311 337 2067 310 332 2068 308 331 2069 289 316 2070 214 273 2071 213 272 2072 288 310 2073 285 309 2074 281 83 2075 275 85 2076 209 84 2077 205 244 2078 303 340 2079 305 328 2080 304 317 2081 68 82 2082 67 81 2083 69 207 2084 284 339 2085 281 83 2086 275 85 2087 64 342 2088 63 209 2089 65 219 2090 317 323 2091 319 347 2092 318 343 2093 4 7 2094 8 13 2095 121 153 2096 280 341 2097 275 85 2098 270 336 2099 31 182 2100 36 40 2101 139 179 2102 62 79 2103 61 78 2104 63 209 2105 19 28 2106 131 346 2107 130 345 2108 326 76 2109 200 256 2110 199 43 2111 23 25 2112 132 163 2113 131 346 2114 278 75 2115 201 252 2116 200 256 2117 318 343 2118 320 167 2119 197 169 2120 321 170 2121 320 167 2122 318 343 2123 37 34 2124 134 326 2125 133 348 2126 325 349 2127 327 74 2128 326 76 2129 94 108 2130 286 312 2131 282 333 2132 282 333 2133 276 306 2134 90 93 2135 56 122 2136 315 324 2137 313 335 2138 108 67 2139 303 340 2140 301 318 2141 317 323 2142 315 324 2143 56 122 2144 76 102 2145 269 171 2146 267 173 2147 104 116 2148 299 334 2149 297 321 2150 68 82 2151 327 74 2152 325 349 2153 279 87 2154 327 74 2155 68 82 2156 323 164 2157 321 170 2158 62 79 2159 48 63 2160 307 330 2161 305 328 2162 62 79 2163 321 170 2164 319 347 2165 72 304 2166 265 86 2167 279 87 2168 267 173 2169 265 86 2170 72 304 2171 98 110 2172 293 71 2173 290 73 2174 301 318 2175 299 334 2176 104 116 2177 96 107 2178 290 73 2179 286 312 2180 297 321 2181 295 322 2182 100 112 2183 451 350 2184 453 218 2185 65 219 2186 88 95 2187 272 307 2188 292 308 2189 292 308 2190 288 310 2191 84 70 2192 50 61 2193 309 338 2194 307 330 2195 274 315 2196 269 171 2197 76 102 2198 313 335 2199 311 337 2200 52 54 2201 284 339 2202 280 341 2203 80 98 2204 305 328 2205 303 340 2206 108 67 2207 288 310 2208 284 339 2209 82 68 2210 60 77 2211 319 347 2212 317 323 2213 280 341 2214 274 315 2215 78 100 2216 311 337 2217 309 338 2218 50 61 2219 295 322 2220 293 71 2221 98 110 2222 276 306 2223 272 307 2224 88 95 2225 235 140 2226 233 134 2227 230 297 2228 261 300 2229 260 299 2230 249 351 2231 119 132 2232 18 26 2233 15 22 2234 257 135 2235 256 144 2236 229 143 2237 227 145 2238 256 144 2239 263 146 2240 246 283 2241 240 149 2242 236 286 2243 237 151 2244 259 150 2245 258 142 2246 0 0 2247 45 18 2248 115 128 2249 260 299 2250 259 150 2251 240 149 2252 400 352 2253 139 179 2254 142 178 2255 147 183 2256 140 344 2257 362 354 2258 132 163 2259 133 348 2260 401 356 2261 377 358 2262 152 175 2263 122 174 2264 181 360 2265 351 399 2266 405 361 2267 367 363 2268 409 460 2269 158 364 2270 182 362 2271 405 361 2272 376 366 2273 399 353 2274 142 178 2275 144 189 2276 135 194 2277 137 193 2278 393 369 2279 333 372 2280 226 295 2281 223 294 2282 342 374 2283 243 293 2284 245 282 2285 175 376 2286 410 394 2287 354 377 2288 154 379 2289 356 411 2290 359 380 2291 390 382 2292 151 176 2293 152 175 2294 366 383 2295 404 458 2296 167 384 2297 137 193 2298 138 187 2299 368 386 2300 392 387 2301 124 154 2302 125 155 2303 347 389 2304 148 181 2305 149 180 2306 388 391 2307 123 152 2308 124 154 2309 381 392 2310 150 177 2311 151 176 2312 174 393 2313 415 443 2314 410 394 2315 349 395 2316 350 415 2317 170 396 2318 180 398 2319 413 431 2320 351 399 2321 332 400 2322 225 281 2323 252 280 2324 334 406 2325 228 296 2326 226 295 2327 128 159 2328 129 156 2329 384 408 2330 461 410 2331 353 441 2332 356 411 2333 386 390 2334 149 180 2335 150 177 2336 140 344 2337 139 179 2338 400 352 2339 412 412 2340 349 395 2341 446 397 2342 352 359 2343 122 174 2344 121 153 2345 350 415 2346 357 449 2347 171 416 2348 165 417 2349 407 453 2350 366 383 2351 178 418 2352 365 457 2353 417 419 2354 141 191 2355 143 190 2356 378 421 2357 158 364 2358 409 460 2359 408 423 2360 134 326 2361 136 325 2362 379 425 2363 358 427 2364 126 158 2365 127 157 2366 328 429 2367 130 345 2368 131 346 2369 131 346 2370 132 163 2371 387 357 2372 394 414 2373 121 153 2374 123 152 2375 179 420 2376 417 419 2377 413 431 2378 129 156 2379 130 345 2380 328 429 2381 345 432 2382 250 285 2383 247 290 2384 232 141 2385 230 297 2386 335 405 2387 337 403 2388 234 139 2389 232 141 2390 247 290 2391 241 291 2392 341 433 2393 66 80 2394 325 349 2395 323 164 2396 230 297 2397 228 296 2398 334 406 2399 145 192 2400 147 183 2401 382 355 2402 375 435 2403 355 462 2404 454 436 2405 364 438 2406 367 363 2407 448 365 2408 184 440 2409 411 459 2410 353 441 2411 379 425 2412 136 325 2413 135 194 2414 173 442 2415 416 445 2416 415 443 2417 401 356 2418 133 348 2419 134 326 2420 172 444 2421 363 461 2422 416 445 2423 138 187 2424 141 191 2425 380 422 2426 176 378 2427 354 377 2428 403 446 2429 348 448 2430 146 188 2431 148 181 2432 357 449 2433 363 461 2434 172 444 2435 406 450 2436 360 463 2437 459 451 2438 397 388 2439 125 155 2440 126 158 2441 459 451 2442 360 463 2443 407 453 2444 331 373 2445 223 294 2446 225 281 2447 339 454 2448 238 137 2449 234 139 2450 341 433 2451 241 291 2452 243 293 2453 239 284 2454 236 286 2455 338 402 2456 236 286 2457 238 137 2458 339 454 2459 343 375 2460 245 282 2461 239 284 2462 252 280 2463 250 285 2464 345 432 2465 127 157 2466 128 159 2467 391 409 2468 159 424 2469 408 423 2470 414 455 2471 454 436 2472 355 462 2473 406 450 2474 177 447 2475 403 446 2476 365 457 2477 143 190 2478 145 192 2479 395 434 2480 404 458 2481 412 412 2482 168 413 2483 183 367 2484 376 366 2485 411 459 2486 385 368 2487 144 189 2488 146 188 2489 456 381 2490 359 380 2491 364 438 2492 414 455 2493 375 435 2494 161 437 2495 361 370 2496 393 369 2497 366 383 2498 376 366 2499 394 414 2500 388 391 2501 405 361 2502 352 359 2503 394 414 2504 409 460 2505 384 408 2506 328 429 2507 368 386 2508 380 422 2509 412 412 2510 416 445 2511 400 352 2512 399 353 2513 391 409 2514 384 408 2515 409 460 2516 353 441 2517 392 387 2518 397 388 2519 351 399 2520 377 358 2521 352 359 2522 415 443 2523 399 353 2524 385 368 2525 417 419 2526 381 392 2527 390 382 2528 383 428 2529 391 409 2530 367 363 2531 365 457 2532 386 390 2533 381 392 2534 356 411 2535 397 388 2536 358 427 2537 354 377 2538 348 448 2539 347 389 2540 378 421 2541 395 434 2542 350 415 2543 380 422 2544 378 421 2545 349 395 2546 410 394 2547 385 368 2548 348 448 2549 413 431 2550 390 382 2551 377 358 2552 382 355 2553 362 354 2554 363 461 2555 362 354 2556 400 352 2557 416 445 2558 403 446 2559 347 389 2560 386 390 2561 355 462 2562 401 356 2563 329 426 2564 360 463 2565 379 425 2566 361 370 2567 359 380 2568 358 427 2569 383 428 2570 387 357 2571 401 356 2572 355 462 2573 395 434 2574 382 355 2575 357 449 2576 330 430 2577 387 357 2578 375 435 2579 408 423 2580 328 429 2581 330 430 2582 329 426 2583 379 425 2584 360 463 2585 393 369 2586 368 386 2587 404 458 2588 411 459 2589 388 391 2590 392 387 2591</p>
        </triangles>
      </mesh>
    </geometry>
  </library_geometries>
  <library_visual_scenes>
    <visual_scene id="Scene" name="Scene">
      <node id="Plastic_Cup" name="Plastic_Cup" type="NODE">
        <matrix sid="transform">1 0 0 0 0 1 0 0 0 0 1 0 0 0 0 1</matrix>
        <instance_geometry url="#plastic_cup_Lowpoly-mesh" name="Plastic_Cup">
          <bind_material>
            <technique_common>
              <instance_material symbol="Plastic_Cup-material" target="#Plastic_Cup-material">
                <bind_vertex_input semantic="UVMap" input_semantic="TEXCOORD" input_set="0"/>
              </instance_material>
            </technique_common>
          </bind_material>
        </instance_geometry>
      </node>
    </visual_scene>
  </library_visual_scenes>
  <scene>
    <instance_visual_scene url="#Scene"/>
  </scene>
</COLLADA>